Hotel_Name,Hotel_Rating,Hotel_Address,Disitance_to_CityCenter,AVG_Price,Review_Score,Description,Photo_Links
Hotel Rialto,4,"Riva del Ferro, San Marco, 30124 Venice, Italy",450 m from center,€ 269,8.3,"Located in front of Rialto Bridge, Hotel Rialto features a terrace with views of the Grand Canal. It offers traditionally furnished Venetian rooms and suites with satellite TV. Guests at the Rialto can enjoy a continental buffet breakfast while admiring views of the bridge and canal. The rooms and suites all come with air conditioning and a minibar. Some have views of the canal and the bridge. The multilingual staff are available 24 hours a day. Free WiFi is available throughout. The Rialto water-bus stop is outside the hotel and links to Santa Lucia Train Station and Venice Marco Polo Airport. St. Mark’s Square is 600 m away.","['https://cf.bstatic.com/xdata/images/hotel/max1024x768/120082995.jpg?k=afbecb59a0d77bb0e9654dd0bf32ece68a67bbb537f96bb5525f97d2e099dc82&o=&hp=1', 'https://cf.bstatic.com/xdata/images/hotel/max500/78750263.jpg?k=f9c9cc8161ed8fcf66dc3abac195a1f735b45c9960e112202290e1fe19510012&o=&hp=1', 'https://cf.bstatic.com/xdata/images/hotel/max500/21800021.jpg?k=ec35bfd1df4efba49a66b96c22ae4dfa300b98d04eea6a6cd51ec3fb3c34f4e2&o=&hp=1', 'https://cf.bstatic.com/xdata/images/hotel/max300/199702720.jpg?k=644f29dd42e12d5a8377211546e81ce2f618ad06b073b20350a8593396d9f760&o=&hp=1', 'https://cf.bstatic.com/xdata/images/hotel/max300/21802102.jpg?k=be6d245316661b63e2b2d8f38222cce7f3e8b3ec4c0379616a83937b72ebc76d&o=&hp=1', 'https://cf.bstatic.com/xdata/images/hotel/max300/21802299.jpg?k=20ce9e0ba06425bdb8ea99161ecbec0eab0824b7323c7b8dfe5c8fc2ad63776a&o=&hp=1']"
Hotel Abbazia,3,"Calle Priuli Dei Cavaletti 68, Cannaregio, 30121 Venice, Italy",1.5 km from center,€ 164,8.4,"Set in a restored monastery, Hotel Abbazia is in the quiet Cannaregio district of Venice, 100 m from Santa Lucia Train Station. The hotel features a large courtyard garden with bar. The Abbazia's classic rooms all have modern bathroom and include a minibar and satellite TV. Free Wi-Fi internet access is available in the entire hotel. A varied breakfast is served in the garden during the summer, and breakfast room service is also available. The bar and lounge area are situated in the monks’ original wood-panelled dining hall. St. Mark’s Square is 2 km from the hotel and can be reached on foot or by Vaporetto (water bus). The nearest Vaporetto stop to the hotel is Ferrovia, a 5-minute walk away.","['https://t-cf.bstatic.com/xdata/images/hotel/max1024x768/11097521.jpg?k=834604a4e31cb2f383d3881e3c0e01e1a7d494904d7793346f171354085086da&o=&hp=1', 'https://t-cf.bstatic.com/xdata/images/hotel/max500/240600580.jpg?k=f232c5eb1d3bfcd9a99731c0f3e2298cb61d83196216364b973dda8f964ba1df&o=&hp=1', 'https://t-cf.bstatic.com/xdata/images/hotel/max500/240590774.jpg?k=cf0cafd2a34b853cb8113c0d922348b17ab65a30f1c904386c27df5ae5265b29&o=&hp=1', 'https://t-cf.bstatic.com/xdata/images/hotel/max300/240592826.jpg?k=f5559fcfba9d77d1cca57fc39e146a93a2046c9dc4ea37f1afab6aaf3e1b516e&o=&hp=1', 'https://t-cf.bstatic.com/xdata/images/hotel/max300/240590158.jpg?k=2fae20ab224e4d3571417b8c516402a4ad9e3c570a2bd4034c3bd9c7d44a4b94&o=&hp=1', 'https://t-cf.bstatic.com/xdata/images/hotel/max300/240601151.jpg?k=5535c90c9b48b88386be92dc7eab7976207d9f3ef83214b48a6a4c3ed9205b4c&o=&hp=1']"
Hotel Mercurio,3,"Calle del Fruttariol - San Marco 1848, San Marco, 30124 Venice, Italy",300 m from center,€ 285,8.5,"Just 100 m from La Fenice Theatre and a 5-minute walk to St. Mark's Square, Hotel Mercurio features views of the Barcaroli Canal.  It has elegant rooms with LCD satellite TV. The Mercurio Hotel has been run by the same family for 3 generations. The staff offer a warm welcome and an attentive service. Rooms at the Mercurio are air conditioned and decorated with classical Venetian furnishings. Some rooms offer canal views. A generous buffet breakfast is provided at the San Marco Mercurio, served in guests’ rooms on request. The Giglio vaporetto water bus stop is a 5-minute walk from Hotel Mercurio. The Guggenheim Museum is a 10-minute walk away, across the Ponte dell’Accademia.","['https://cf.bstatic.com/xdata/images/hotel/max1024x768/168429237.jpg?k=fcbd1fe69866692fe313d5c14bbbc419c7237efe9fc1f155084553c89b562248&o=&hp=1', 'https://cf.bstatic.com/xdata/images/hotel/max500/168429945.jpg?k=602510bd9bf943f8c9f3aa6223fb84000927de25dce2c7fd70d6ac5be58a1128&o=&hp=1', 'https://cf.bstatic.com/xdata/images/hotel/max500/168435284.jpg?k=b197be1edd281d18b42a18ad9062881ced999ce0876ea149fb988c83bea81398&o=&hp=1', 'https://cf.bstatic.com/xdata/images/hotel/max300/130712838.jpg?k=5130732ea3ed25ca8b4c3114168e916550b77af7a6ea8aa008bdfa3c0c789389&o=&hp=1', 'https://cf.bstatic.com/xdata/images/hotel/max300/168435275.jpg?k=0c6168e39fe58aac90fd025f095131627782f6710015a34816c9379c9dba2342&o=&hp=1', 'https://cf.bstatic.com/xdata/images/hotel/max300/168436602.jpg?k=f05fc715aa763ab034833bff6bf20507c380b634c5b0383e02aaa8ac9db90229&o=&hp=1']"
Eurostars Residenza Cannaregio,4,"Cannaregio 3210/a - Calle Dei Riformati, Cannaregio, 30121 Venice, Italy",1.8 km from center,€ 176,8.3,"You're eligible for a Genius discount at Eurostars Residenza Cannaregio! To save at this property, all you have to do is sign in. With a quiet location in Venice's Jewish Quarter, Eurostars Residenza Cannaregio is a former monastery. You can walk to Rialto Bridge in 15 minutes, and to St Marks's square in 25 minutes. The cloister of Residenza Cannaregio is now a pretty courtyard and garden where breakfast and drinks are served, or you can simply relax. Each room features a minibar and a TV with satellite and pay-per-view channels. Rooms combine original features such as wood-beamed ceilings with modern amenities like air conditioning and internet access. Some rooms offer views of San Alvise Canal, and some overlook the inner garden. A varied breakfast buffet is available each morning and the bar provides drinks throughout the day. Staff can recommend the best local restaurants for dinner. The property is surrounded by workshops, book stores, and local markets. San Alvise water-bus stop is 200 m away, providing quick links to the train station and the parking in Piazzale Roma.","['https://t-cf.bstatic.com/xdata/images/hotel/max1024x768/267152934.jpg?k=d88978c043cc99eec47eeef6b0f666d2768209d00e70fa4659e0d1899564f050&o=&hp=1', 'https://t-cf.bstatic.com/xdata/images/hotel/max500/253366241.jpg?k=bfce2514f4074c92e8f8bead30cc6619c8a4a74bbbddce17288bfa8b102e61cc&o=&hp=1', 'https://t-cf.bstatic.com/xdata/images/hotel/max500/175872359.jpg?k=1499980762d636a56e14bc2e920b743ccf708875023d542eab5178d25691a261&o=&hp=1', 'https://t-cf.bstatic.com/xdata/images/hotel/max300/175877770.jpg?k=7bcf35cc3f8c5111ebf42f94b6b7a7585dc249d8416fba695910dcc3e22bd9ec&o=&hp=1', 'https://t-cf.bstatic.com/xdata/images/hotel/max300/175874135.jpg?k=6fb5e41753bc6e55ff90b7a5888de925dfd41bab3cdb22a79d9923ce0a38b841&o=&hp=1', 'https://t-cf.bstatic.com/xdata/images/hotel/max300/175878449.jpg?k=9d850e1e183319506cc6807249ad3e8ce5fca51414557f9a91b6132211ae4a22&o=&hp=1']"
Ca' Dada Appartamento,4,"2264 San Polo, 30125 Venice, Italy",1 km from center,€ 305,9.6,"You're eligible for a Genius discount at Ca' Dada Appartamento! To save at this property, all you have to do is sign in. Located in Venice, 500 m from Scuola Grande di San Rocco and 400 m from Frari Basilica, Ca' Dada Appartamento provides air-conditioned accommodation with a balcony and free WiFi. This apartment is 1.4 km from Ca' d'Oro and 1.4 km from Doge's Palace. The apartment features 1 bedroom, a flat-screen TV, an equipped kitchen with a microwave and a fridge, a washing machine, and 1 bathroom with a bidet. Towels and bed linen are provided. Popular points of interest near the apartment include Venice Santa Lucia Train Station, La Fenice Theatre and Piazza San Marco. The nearest airport is Venice Marco Polo Airport, 13 km from Ca' Dada Appartamento.","['https://cf.bstatic.com/xdata/images/hotel/max1024x768/99942979.jpg?k=4aaa30364fa77de2cc741f6f0f6e9279e55a9814735676c3ac0c5a51de7c385e&o=&hp=1', 'https://cf.bstatic.com/xdata/images/hotel/max500/99942946.jpg?k=3b7f7ea38ed7b44b8eb4520836ff0f3aa0a2f3174d97fdafe21543bfa11b652c&o=&hp=1', 'https://cf.bstatic.com/xdata/images/hotel/max500/99943116.jpg?k=ffdb8876bf09f92160097709fd31725d2620a19742a9194ffdcfe3cf908aacd0&o=&hp=1', 'https://cf.bstatic.com/xdata/images/hotel/max300/99942975.jpg?k=6fcd4849e012c5b24222ad6a5a23f7f625e45228e1478f9d561fd64e38491c95&o=&hp=1', 'https://cf.bstatic.com/xdata/images/hotel/max300/99943065.jpg?k=9f0f866b727391eb497e074d5e726cc55e951a6c5a4f6f4b1d1de7c2d8282b8d&o=&hp=1', 'https://cf.bstatic.com/xdata/images/hotel/max300/99942990.jpg?k=506950c858b83b4ca004a4f33f58132a6ef0065453608b5e69e104873dd171b9&o=&hp=1']"
Cà Rialto,3,"San Marco  5109, San Marco, 30124 Venice, Italy",450 m from center,€ 217,8.1,"Just 100 m from the Rialto Bridge, Cà Rialto is an intimate structure with traditional Venetian styling. It offers elegant rooms with satellite TV and private bathrooms. Decorated with flock wallpapers and luxurious fabrics, rooms at the Cà Rialto Residence are all air conditioned. Each comes with a minibar. Piazza San Marco is 500 m from the property. The Rialto vaporetto water bus stop is a 1-minute walk away.","['https://cf.bstatic.com/xdata/images/hotel/max1024x768/21799989.jpg?k=2984a58da33d905563b00711af035e71349d2c31dae86c63fcf89db7fb5abac5&o=&hp=1', 'https://cf.bstatic.com/xdata/images/hotel/max500/21831009.jpg?k=895713d7d81e99d912d581aa776c807b90562ae02962c578a5e7fa30d861048c&o=&hp=1', 'https://cf.bstatic.com/xdata/images/hotel/max500/21801661.jpg?k=dee27fd18334c0d433cb1ea17610e5c7a6d8a87b7d1d8d600cbe50f8f9939d50&o=&hp=1', 'https://cf.bstatic.com/xdata/images/hotel/max300/5144412.jpg?k=6072ac065642e0b9dcceccc3d92c404e3e751ca2b34f2ba3e6a25a48c66fd4a3&o=&hp=1', 'https://cf.bstatic.com/xdata/images/hotel/max300/5175216.jpg?k=751337cb9d81a16a7844cc1cd925d2158d9f9bc103aaff9f269e42705feb6f8b&o=&hp=1', 'https://cf.bstatic.com/xdata/images/hotel/max300/21801782.jpg?k=10a530046514e21b665470dd18f4040fc0664f7b26484411283f2dc75e19066f&o=&hp=1']"
Hotel Canaletto,3,"Castello 5487 San Lio, Castello, 30122 Venice, Italy",350 m from center,€ 276,8.4,"Hotel Canaletto is near San Lio Church, in the heart of Venice. The elegant building was once home of the famous Canaletto painter. The Rialto Bridge is 200 m away. Piazza San Marco is within walking distance. The vaporetto (water bus) connects you quickly and easily to Santa Lucia Station and the public car parks of Tronchetto or Piazzale Roma. Hotel Canaletto offers Wi-Fi access in its elegant rooms in Venetian style. Some rooms offer views of a typical square or views of the canal. A buffet breakfast is served in 2 elegant dining rooms. You can also enjoy a drink in the outdoor tables. To reach the Canaletto take water bus 2, in the direction of Rialto, and get off at the Rialto stop. The hotel is a 5-minute from the stop.","['https://t-cf.bstatic.com/xdata/images/hotel/max1024x768/33719104.jpg?k=68e205dbaa1f05aa81255009146a9fff8100c8f8e2dac748ad56acc63ecb9536&o=&hp=1', 'https://t-cf.bstatic.com/xdata/images/hotel/max500/11954047.jpg?k=0edd633f412db23037124764c5f55648c75f1c5bc4ffe4d5035082a9bb39edc7&o=&hp=1', 'https://t-cf.bstatic.com/xdata/images/hotel/max500/33715012.jpg?k=40e1b0151ed7330e3a46c63e1fb4d8b7c208209f197c8113e2a3332f5dc8729f&o=&hp=1', 'https://t-cf.bstatic.com/xdata/images/hotel/max300/33718808.jpg?k=3f80109341ea82bc8e45da74965102c58d4befe6316af04db92c9cff324f0076&o=&hp=1', 'https://t-cf.bstatic.com/xdata/images/hotel/max300/33715651.jpg?k=24ac805ed5639e028b76ade09fa6fa127117d2bd7b163826edff60dd6dc3c090&o=&hp=1', 'https://t-cf.bstatic.com/xdata/images/hotel/max300/33718754.jpg?k=8d186d35fd8f47a74df8049b15a9650afaf1203c54680bea325b6c334fcb416c&o=&hp=1']"
Ca' Nigra Lagoon Resort,4,"S. Croce 927, Santa Croce, 30135 Venice, Italy",1.4 km from center,€ 308,9.0,"Set directly on the Grand Canal just a few hundred metres from Venice’s Santa Lucia train station, Ca’ Nigra Lagoon Resort is unique for a Venetian hotel. It offers free WiFi throughout and a spacious garden on the canal. Ca’ Nigra’s dates back to the 17th century and will enchant you with its frescoed walls and historic Venetian feel. Air-conditioned rooms come with modern decor, satellite TVs and minibars. Some rooms include a spa bath. Guests will enjoy a sweet and savoury breakfast every morning. It includes hot drinks and fruit juice, croissants, fresh fruit, jam, homemade cakes, eggs and cheese. Saint Mark's Square and Fenice Theatre are within 2 km of the property. Rialto Bridge is a 15-minute walk away.","['https://t-cf.bstatic.com/xdata/images/hotel/max1024x768/38839692.jpg?k=c00e1a3a562dc2e6d635c35c98131a08c854e433dc7788c0f2ee08cbac4a3dc5&o=&hp=1', 'https://t-cf.bstatic.com/xdata/images/hotel/max500/306274623.jpg?k=f7b465455eae0a436a5e6cb956942ed2adfbfdca89fe56850d3348aad876ce99&o=&hp=1', 'https://t-cf.bstatic.com/xdata/images/hotel/max500/138342074.jpg?k=42ab3ea3313b6216e6987b60c0e9319dbdd360f3fb03a1b332678e59fbff6cd5&o=&hp=1', 'https://t-cf.bstatic.com/xdata/images/hotel/max300/224307445.jpg?k=02bfeda9a71d7be0fbf9c770c23076d26e2226110e1e7c6e120f6b3633cff9da&o=&hp=1', 'https://t-cf.bstatic.com/xdata/images/hotel/max300/306277212.jpg?k=23dcab27cede0e3497597d9a74f2eb9802961327079255043bdf92e87e27d1ed&o=&hp=1', 'https://t-cf.bstatic.com/xdata/images/hotel/max300/138343617.jpg?k=3733ecd995d2baa01f1f4d9a9b4c5ad3d8d8570a63d1fe056839051cc118f1d6&o=&hp=1']"
Residenza La Veranda a Rialto,0,"Riva de l'Ogio, San Polo, 30125 Venice, Italy",0.8 km from center,€ 250,9.5,"Situated in Venice, less than 1 km from Doge's Palace, Residenza La Veranda a Rialto features air-conditioned rooms with free WiFi and express check-in and check-out. Boasting a terrace, the guest house is close to several noted attractions, around 300 m from Rialto Bridge, less than 1 km from Basilica San Marco and a 12-minute walk from Ca' d'Oro. The property is close to popular attractions like Venice Santa Lucia Train Station, Frari Basilica and Scuola Grande di San Rocco. At the guest house, the rooms include a desk, bed linen and a patio with a city view. All rooms will provide guests with a wardrobe and a kettle. Popular points of interest near Residenza La Veranda a Rialto include Piazza San Marco, Church of San Giorgio Maggiore and La Fenice Theatre. The nearest airport is Venice Marco Polo Airport, 13 km from the accommodation.","['https://t-cf.bstatic.com/xdata/images/hotel/max1024x768/327507093.jpg?k=7810b3e86e0632a77859e5cb9b16f17027de13e0771b307acd718b35f11c2610&o=&hp=1', 'https://t-cf.bstatic.com/xdata/images/hotel/max500/333301738.jpg?k=4331ce8b72a57f1a35534a5358e1c80d13f914db5f6e6ff251eb09781cab64e0&o=&hp=1', 'https://t-cf.bstatic.com/xdata/images/hotel/max500/327507081.jpg?k=bf367b5e7218656c38b63b5cc441979c2b986ddc038cac2845eebc0ebfcda945&o=&hp=1', 'https://t-cf.bstatic.com/xdata/images/hotel/max300/327505548.jpg?k=edadb18348a218ced6b0383a9e0880aa4176481f2390abea7fc0b7db4658523e&o=&hp=1', 'https://t-cf.bstatic.com/xdata/images/hotel/max300/327506995.jpg?k=d357a3816f87395f6357605d30bc0f41b2b81aa1066b6dabfe097383b5efed17&o=&hp=1', 'https://t-cf.bstatic.com/xdata/images/hotel/max300/327504984.jpg?k=49b9509e6ff2b8a777cbd592ab1a2fc1204618b2a3b6c96607d88ece5ce8a628&o=&hp=1']"
Castello Appartamento con vista sul Canale x6,4,"Fondamenta del Remedio, Castello, 30122 Venice, Italy",300 m from center,€ 463,7.0,"Set in Venice, 1.2 km from Church of San Giorgio Maggiore and 400 m from Doge's Palace, Castello Appartamento con vista sul Canale x6 provides accommodation with amenities such as free WiFi and a flat-screen TV. This apartment is 400 m from Piazza San Marco and 800 m from La Fenice Theatre. The air-conditioned apartment consists of 2 bedrooms, a living room, a fully equipped kitchen with a dishwasher and a kettle, and 2 bathrooms with a bidet and a shower. Towels and bed linen are offered. Popular points of interest near the apartment include Ca' d'Oro, Rialto Bridge and Basilica San Marco.","['https://cf.bstatic.com/xdata/images/hotel/max1024x768/322459035.jpg?k=de4927f8b114507724b695a83ce3e5579f44f8979d16f837227ef7374e5e7f6c&o=&hp=1', 'https://cf.bstatic.com/xdata/images/hotel/max500/322459028.jpg?k=24c724e3e5b268727672d89e73eef5a273d131b8fe69a8e51b89e8e0c0e43f10&o=&hp=1', 'https://cf.bstatic.com/xdata/images/hotel/max500/322459038.jpg?k=650cc697de0498a744587e4683b7694fc295620b25c8213c0ce913d43e6ff505&o=&hp=1', 'https://cf.bstatic.com/xdata/images/hotel/max300/322459029.jpg?k=9b0622d73793a5de7999878008669cb272f859e1bc8bfa13505162d7c53ba1c1&o=&hp=1', 'https://cf.bstatic.com/xdata/images/hotel/max300/322459024.jpg?k=6fb857e41b3c77879ebc76d5ed1c553a4ba7ba48fdf0b74ca4ded1e09787a117&o=&hp=1', 'https://cf.bstatic.com/xdata/images/hotel/max300/322459020.jpg?k=8ca3298d2788836eb69c5bd6670ae529c59babc5b825bb33da0f1ea024d72ed0&o=&hp=1']"
Casa Melissa,3,"Via Garibaldi 1776, Castello, 30122 Venice, Italy",1.1 km from center,€ 210,9.3,"In the Castello district of Venice, close to Church of San Giorgio Maggiore, Casa Melissa has free WiFi and a washing machine. Guests staying at this apartment have access to a fully equipped kitchen. The air-conditioned apartment consists of 1 separate bedroom, 1 bathroom with a hairdryer and free toiletries, and a seating area. Towels and bed linen are offered. Popular points of interest near the apartment include Ca' d'Oro, Rialto Bridge and Doge's Palace.","['https://cf.bstatic.com/xdata/images/hotel/max1024x768/260906907.jpg?k=2a5440e4ddcccd01c6ea9c6e37dc290a67966988bc846fda70732580aa67fa9d&o=&hp=1', 'https://cf.bstatic.com/xdata/images/hotel/max500/260906896.jpg?k=5bedd28ad3841bad20866434cdacec4aaf817aa5454ac12b14e5ccaf798cd5af&o=&hp=1', 'https://cf.bstatic.com/xdata/images/hotel/max500/260906913.jpg?k=a5fb12e87f52c8080ed18532ddf4c101a343926bd481c96cb70dd97c45dbba2a&o=&hp=1', 'https://cf.bstatic.com/xdata/images/hotel/max300/302975691.jpg?k=b8bde27d5ce7ab18c4d3ad1e282e52cf807522de2db9b5101622f921078c0910&o=&hp=1', 'https://cf.bstatic.com/xdata/images/hotel/max300/302975827.jpg?k=f53f1f63c15eef8945f5f058e1c0d3c3706babde7ea86ad4187d0f94740669ac&o=&hp=1', 'https://cf.bstatic.com/xdata/images/hotel/max300/302975763.jpg?k=fb9c7e2577adc7bf2ad49a9ee5bd03c9cee9454840e35cf734e2f4975369a314&o=&hp=1']"
Ca' Rosetta,3,"Calle de la Racheta, Cannaregio, 30121 Venice, Italy",1 km from center,€ 218,9.0,"Set in Venice, Ca' Rosetta offers accommodation with a patio or a balcony, free WiFi and flat-screen TV, as well as a shared lounge and a terrace. There is a fully equipped private bathroom with bidet and a hairdryer. Popular points of interest near the bed and breakfast include Doge's Palace, Basilica San Marco and Rialto Bridge.","['https://t-cf.bstatic.com/xdata/images/hotel/max1024x768/147050631.jpg?k=274f6a57074b01ecd897f54f1cd7b95a4e29a234bbe9c272c8811d833fb1e469&o=&hp=1', 'https://t-cf.bstatic.com/xdata/images/hotel/max500/350938491.jpg?k=7ada145e90b1fa8a52520ecc335fc4c7b6c5d3627845b1455b28ba84dad71025&o=&hp=1', 'https://t-cf.bstatic.com/xdata/images/hotel/max500/147061508.jpg?k=2efca0e47b974a7cbd7b6596af4c7e03934cdd4c3305fe356f47444ccbca6b89&o=&hp=1', 'https://t-cf.bstatic.com/xdata/images/hotel/max300/350938569.jpg?k=1d77f209af84abb072ad87fd8f55aee58b38829a67e1f3c874a61892951a38d6&o=&hp=1', 'https://t-cf.bstatic.com/xdata/images/hotel/max300/350938487.jpg?k=8f7573eb2f6aeb03c5bd4d0bb722583b738783bae9e0645066f2082cbb687747&o=&hp=1', 'https://t-cf.bstatic.com/xdata/images/hotel/max300/350938352.jpg?k=f642ef876f4ca8cdf90e61038c00c3ee810a6a6cfc3c86f7ec78befc6acac3d0&o=&hp=1']"
Hotel Castello,3,"Campo SS. Filippo e Giacomo - Castello 4365, Castello, 30122 Venice, Italy",300 m from center,€ 130,8.0,"Castello has comfortable rooms, a pretty terrace and, most importantly, a fantastic location 200 m from St. Mark's Basilica. It is 5 minutes' walk from the Vaporetto (water bus) stop. All rooms are air conditioned and feature Persian rugs and Murano glass lamps. Some rooms have a view of Venice's rooftops, including the dome of St. Mark's Basilica. From reception an ancient staircase, dating back to the 1700s, takes you up to the rooms, breakfast room and the bar. A continental breakfast buffet is served each morning. Hotel Castello has a 24-hour reception where you can get lots of useful tourist information and book guided tours, transfers, and museum tickets.","['https://t-cf.bstatic.com/xdata/images/hotel/max1024x768/2974345.jpg?k=df22e83e9a53bd7de92979b823cd65f3918e84ce0e98c9824ed930ef6ffe36b8&o=&hp=1', 'https://t-cf.bstatic.com/xdata/images/hotel/max500/3025902.jpg?k=ca521414f18c5f77967d905189559c7dd61df0b858538645a96be6d986b9d7b5&o=&hp=1', 'https://t-cf.bstatic.com/xdata/images/hotel/max500/3025900.jpg?k=a3676b47e2ded3d0241af653741bdfbd81acbf79943a83a5e91dae0417ef603b&o=&hp=1', 'https://t-cf.bstatic.com/xdata/images/hotel/max300/2974346.jpg?k=13f213db5bbbffa818635a8bdd334e28b05ff0798e0d9aac84a43770964e5a3c&o=&hp=1', 'https://t-cf.bstatic.com/xdata/images/hotel/max300/3025892.jpg?k=bde02dfdf053bab433da5fb650838101435251ce8b36be2769ddef3e7ce4406c&o=&hp=1', 'https://t-cf.bstatic.com/xdata/images/hotel/max300/2974363.jpg?k=251f1041317bbb8f39e94924c74964f9682241d9297e33e19c97b497b59616d3&o=&hp=1']"
Golden Suite,3,"San Polo Campiello del Figher 803, San Polo, 30125 Venice, Italy",0.6 km from center,€ 268,9.6,"Set in Venice, less than 1 km from Piazza San Marco and a 11-minute walk from Doge's Palace, Golden Suite offers free WiFi and air conditioning. It is located less than 1 km from La Fenice Theatre and offers luggage storage space. The apartment features 1 bedroom, a flat-screen TV with satellite channels, an equipped kitchen with a microwave and a fridge, and 1 bathroom with a bidet. Towels and bed linen are featured in this accommodation. Popular points of interest near the apartment include Rialto Bridge, Basilica San Marco and Ca' d'Oro. The nearest airport is Venice Marco Polo Airport, 13 km from Golden Suite.","['https://t-cf.bstatic.com/xdata/images/hotel/max1024x768/178513373.jpg?k=0519670b9afc2ceffb8bb9f5d57b00748f35409f7cb66d1ef72351854a28fe2e&o=&hp=1', 'https://t-cf.bstatic.com/xdata/images/hotel/max500/184872151.jpg?k=ec9e7208617c20cf8703e6ee1fc462a707c9207f0846404b64aa7844c06b8b08&o=&hp=1', 'https://t-cf.bstatic.com/xdata/images/hotel/max500/178512362.jpg?k=b299a7e999ca1789939d6cb7339d1142c4cc17e1aab27f2be5216aa862d7624a&o=&hp=1', 'https://t-cf.bstatic.com/xdata/images/hotel/max300/178512300.jpg?k=fa20c84d62565b7f399d93665c2d28ed3857f528254a845c3202fef004fd7223&o=&hp=1', 'https://t-cf.bstatic.com/xdata/images/hotel/max300/178512322.jpg?k=216da0fa5f414b78756f23a120a073a990593a3845e1c9bf92baae2c330b5d76&o=&hp=1', 'https://t-cf.bstatic.com/xdata/images/hotel/max300/184871927.jpg?k=062e674237b21e6b2ae798cec0162eb3b570350de5a83fbd9532c7780ce5b2a7&o=&hp=1']"
Capitan Antonin,3,"3478 Castello, Castello, 30122 Venice, Italy",0.7 km from center,€ 274,9.1,"Set in Venice, 1.1 km from Church of San Giorgio Maggiore, Capitan Antonin features rooms with city views and free WiFi. The property is close to several well-known attractions, 800 m from Basilica San Marco, less than 1 km from Piazza San Marco and a 15-minute walk from La Fenice Theatre. The property is 6.2 km from Venice Santa Lucia Train Station and 6.4 km from Scuola Grande di San Rocco. At the guest house, rooms include a wardrobe. Complete with a private bathroom, the units at Capitan Antonin come with air conditioning, and certain rooms here will provide you with a seating area. At the accommodation every room has bed linen and towels. Popular points of interest near Capitan Antonin include Ca' d'Oro, Rialto Bridge and Doge's Palace.","['https://t-cf.bstatic.com/xdata/images/hotel/max1024x768/321978163.jpg?k=32f3fdb87160ca73ade400d69595a33bfa52a454922a633cc97c4d489dc8ea28&o=&hp=1', 'https://t-cf.bstatic.com/xdata/images/hotel/max500/321978178.jpg?k=d3211c4e5e58774d0b663f133820d49d41cd9c04acd0e1d4a41fc30fc859971c&o=&hp=1', 'https://t-cf.bstatic.com/xdata/images/hotel/max500/321978183.jpg?k=1436d40e89556b7d3763af9902e67759bff4f3ba4a195f99ade8c4301cc08338&o=&hp=1', 'https://t-cf.bstatic.com/xdata/images/hotel/max300/321978177.jpg?k=eec208d4f4b4f96a18f9cb7c3a7ec5a270b3b5900d55c73a10d5749907cd4ca4&o=&hp=1', 'https://t-cf.bstatic.com/xdata/images/hotel/max300/321978176.jpg?k=9bb8c94c242f097e875cada21cd2880b87283492f3e43a804ef45825ca047285&o=&hp=1', 'https://t-cf.bstatic.com/xdata/images/hotel/max300/321978174.jpg?k=f689a60f0195d89e5dcc242e90348c434ec48afc6a5caa0b20d899c8e9b46085&o=&hp=1']"
Hotel Bonvecchiati,4,"Calle Goldoni 4488, San Marco, 30124 Venice, Italy",250 m from center,€ 353,8.4,"You're eligible for a Genius discount at Hotel Bonvecchiati! To save at this property, all you have to do is sign in. Featuring its own water landing for gondolas and water taxis, Hotel Bonvecchiati of Venice is a 2-minute walk from Saint Mark's Square and the Rialto Bridge. Rooms are individually designed in a classic Venetian or a modern style. Each room has free WiFi, air conditioning, satellite TV, and a private bathroom with bathrobe and slippers. Some rooms have views over the canal or the surrounding rooftops. Breakfast is buffet style. Restaurant La Terrazza offers Venetian, classic Italian and international cuisine, all served on the waterside terrace. Meals are accompanied by a wide selection of wines from the on site wine cellar. This 4-star hotel is decorated with fresh flowers throughout. The staff is available 24 hours a day and speaks fluent English. It is 2 km from Venezia Santa Lucia Train Station.","['https://cf.bstatic.com/xdata/images/hotel/max1024x768/108115994.jpg?k=1dfa09e3479a42b6a376174d1fec64fd061c548fd47dd552055b9aab2db252b5&o=&hp=1', 'https://cf.bstatic.com/xdata/images/hotel/max500/257810351.jpg?k=c9ba721db55114fa5a8979a23b2ed39c48f4000084efa6b70918c3f76abaa383&o=&hp=1', 'https://cf.bstatic.com/xdata/images/hotel/max500/37927917.jpg?k=ff50be1c37b484b12ff3d74ddd42513175e37f6047dd972be4cd8b7b75aac767&o=&hp=1', 'https://cf.bstatic.com/xdata/images/hotel/max300/37929473.jpg?k=4e5fa216c5f4a452d1bbfe5552c0a2945a6ebc3678245db8edfa937bd18c4222&o=&hp=1', 'https://cf.bstatic.com/xdata/images/hotel/max300/37929471.jpg?k=2f693576838f79d5ada893b59748feef9385015e9ccd62690e9e50f6143c3c7c&o=&hp=1', 'https://cf.bstatic.com/xdata/images/hotel/max300/37860226.jpg?k=ff6fb67527b98d587105fcefd61869b980b837a410a4dff467a2db670403496f&o=&hp=1']"
Ca' Angeli,4,"Calle del Tragheto della Madoneta, 1434, San Polo, 30125 Venice, Italy",0.6 km from center,€ 326,9.1,"Ca' Angeli has great views over the Grand Canal from its lounge and breakfast room. Rialto Bridge is close by and Santa Lucia Station is a 10-minute walk away. The nearest water bus stop is San Silvestro. From here you can walk to the Ca'Angeli without crossing any bridges. The B&B also has a private moor, where water taxis can dock. Ca' Angeli has just 6 rooms, all of which feature classic décor, LCD satellite TV and Wi-Fi access. The continental breakfast includes organic products.. There is a small library and a lounge with antique furniture at Ca' Angeli.","['https://cf.bstatic.com/xdata/images/hotel/max1024x768/2102592.jpg?k=13e3972a2ef5a5ebe6609d195fa920ebad336372640e75d8bcdf47e5e908c83f&o=&hp=1', 'https://cf.bstatic.com/xdata/images/hotel/max500/2102603.jpg?k=ec9a5d40f8b6302ee3c5be86de51c5ae36610519dc2165cda61fe50c0226d29f&o=&hp=1', 'https://cf.bstatic.com/xdata/images/hotel/max500/2102600.jpg?k=8e481c74748dc09cae4cd3abd99acd45efaaaff328264b6b24917a8c00a2bfda&o=&hp=1', 'https://cf.bstatic.com/xdata/images/hotel/max300/2060349.jpg?k=36c659135642db6a9978887c63c5538c07d9749b377a91665f8691a0ff269f67&o=&hp=1', 'https://cf.bstatic.com/xdata/images/hotel/max300/2060376.jpg?k=a7da8efb845e959525e293f04feb23023b8ee0a7c21c6e2086dd5b38f16b665e&o=&hp=1', 'https://cf.bstatic.com/xdata/images/hotel/max300/339992301.jpg?k=ed3c62a28a0445fb584f3c62562fdfcee22e5e2cc7fe4866c022510ec2e7bc91&o=&hp=1']"
Hotel La Fenice et Des Artistes,3,"S. Marco 1936, San Marco, 30124 Venice, Italy",400 m from center,€ 229,8.4,"You're eligible for a Genius discount at Hotel La Fenice et Des Artistes! To save at this property, all you have to do is sign in. St. Mark's Square is a 5-minute walk from this unique hotel, named after the nearby La Fenice Theatre. It offers air-conditioned rooms with a private bathroom, free WiFi throughout, and a small shared courtyard. Hotel La Fenice et Des Artistes is ideally placed to visit Venice's most famous attractions. The Rialto Bridge and market are 700 m away, and it is a 10-minute walk to the Zattere for boats across to Giudecca. Set in 2 buildings, the hotel comprises the original town house, and a newer wing. All rooms come with satellite TV and a minibar. Some rooms overlook the rooftops of Venice and feature classic furnishings. La Fenice serves a simple breakfast, with cereals, pastries and fruit jams. The La Taverna restaurant specialises in traditional Venetian cuisine, and hotel guests are entitled to special discounts on meals.","['https://t-cf.bstatic.com/xdata/images/hotel/max1024x768/327421841.jpg?k=bc6f3880d8df39060085fcd0442548afe910e86779a4a50255ae38d37351e23b&o=&hp=1', 'https://t-cf.bstatic.com/xdata/images/hotel/max500/120323999.jpg?k=1907e0e15ce0227b4a554637e78b39fd0aa408458322c49082f5a796571d1a75&o=&hp=1', 'https://t-cf.bstatic.com/xdata/images/hotel/max500/136446359.jpg?k=392a045b78fba0fa17b30e0ecb948932011ad1ef3e8fbc584f004c2a6cf13c02&o=&hp=1', 'https://t-cf.bstatic.com/xdata/images/hotel/max300/363703732.jpg?k=e47d47c6cd44600f4f69304ea60922a92703ddb7bb4da4118aabfe91b05d27fd&o=&hp=1', 'https://t-cf.bstatic.com/xdata/images/hotel/max300/327426989.jpg?k=22908a9c0bbd7d9dcc51865cde014cfb90635a7d98dc650fef2fc505a668a89c&o=&hp=1', 'https://t-cf.bstatic.com/xdata/images/hotel/max300/131608717.jpg?k=c06aa2a46d8c12d20c1e182f6490f3bddc334385c80684a356f828dbe0797fbf&o=&hp=1']"
Hotel Il Moro di Venezia,2,"Lista di Spagna 152, Cannaregio, 30121 Venice, Italy",1.5 km from center,€ 152,7.8,"Set just 250 m from Venice Santa Lucia Station, Hotel Il Moro Venezia offers en suite rooms with satellite TV and free Wi-Fi. The Piazzale Roma car park is 5 minutes’ walk away. Breakfast is provided daily in the small dining room. The surrounding area is filled with restaurants and cafés. Venice Airport is 14 km from the property.","['https://t-cf.bstatic.com/xdata/images/hotel/max1024x768/266280113.jpg?k=a305737cf9c6b05bcffad3cad84c810cb060b086334f6dced3edf710c7c27bbf&o=&hp=1', 'https://t-cf.bstatic.com/xdata/images/hotel/max500/13614940.jpg?k=2103ef9eda003c728700280299e55c540f3e151e384b5a5fcbacf75a4849ce51&o=&hp=1', 'https://t-cf.bstatic.com/xdata/images/hotel/max500/13617069.jpg?k=c99d789829767c78a2b8006339ba467b02031f1097c1dfcdbf2bcb374b86b709&o=&hp=1', 'https://t-cf.bstatic.com/xdata/images/hotel/max300/13616202.jpg?k=628827cc424ce6fd952f2dc86d32b6c9c0a778b84a144d841f3baf44ea0e606a&o=&hp=1', 'https://t-cf.bstatic.com/xdata/images/hotel/max300/13617318.jpg?k=a3a592e20d7f71ca4e69940a012cc92474e40e4d9cd3d7833deb0871bb502c4d&o=&hp=1', 'https://t-cf.bstatic.com/xdata/images/hotel/max300/13616238.jpg?k=9c5c79d9e3ace4b41c2a8e34d8f733f643cdf70ede3cf66f0244aeb7e6760d6e&o=&hp=1']"
Hotel Al Vagon,1,"Cannaregio 5619, Cannaregio, 30121 Venice, Italy",0.7 km from center,€ 164,8.3,"Hotel Al Vagon is located just 5 minutes’ walk from the Rialto Bridge. It offers a 24-hour reception. Rooms have a traditional Venetian decor, including some with views of the Santi Apostoli Canal. The rooms at the Al Vagon are air-conditioned and have a private bathroom. All rooms feature a TV with satellite channels. The hotel is 10 minutes’ walk from St. Mark’s Square and 1.5 km from Venezia Santa Lucia Train Station.","['https://cf.bstatic.com/xdata/images/hotel/max1024x768/277163537.jpg?k=de405ca046970a0921778e1fdbbf3ff4a4d66bab637969186137c37416519a09&o=&hp=1', 'https://cf.bstatic.com/xdata/images/hotel/max500/277163876.jpg?k=9d4efe7ee9b88b9a3ca71407c6a413748380f9a052531aa93f9fa99e577e9de3&o=&hp=1', 'https://cf.bstatic.com/xdata/images/hotel/max500/187529577.jpg?k=f998ee81d4098b63ae3e1148bdbc15126e12ac89c9b9bc3cdc297fd7b9dd8fe8&o=&hp=1', 'https://cf.bstatic.com/xdata/images/hotel/max300/187525816.jpg?k=fc086692a455b9c0e82c2d9abb387a40bbd8c52e598526a7fa71b1b2f44827b3&o=&hp=1', 'https://cf.bstatic.com/xdata/images/hotel/max300/187528148.jpg?k=719051e0709f9a6f60c650f7a9fdacf76f17f2b6c2d3b9999a6da48b7daaa6c6&o=&hp=1', 'https://cf.bstatic.com/xdata/images/hotel/max300/277162901.jpg?k=ab88041746217b1500c114d399da12ce831ab02c5699dca043257962706bcc09&o=&hp=1']"
B&B Sognare A Venezia,3,"Salizada San Geremia, 324, Cannaregio, 30121 Venice, Italy",1.5 km from center,€ 248,8.6,"You're eligible for a Genius discount at B&B Sognare A Venezia! To save at this property, all you have to do is sign in. A city-view balcony, flat-screen TV and free Wi-Fi are standard in all rooms at Sognare A Venezia. This B&B is in Cannaregio, 5 minutes’ walk from Santa Lucia Train Station. Rooms have simple classic décor and parquet floors. They are air conditioned and include a private bathroom. A continental breakfast is provided every morning in the breakfast room. B&B Sognare A Venezia offers a concierge service for providing tourist information. Water buses for the Grand Canal and the lagoon islands stop in front of the property.","['https://t-cf.bstatic.com/xdata/images/hotel/max1024x768/298419728.jpg?k=b79bebb2067489607e0b2938be76f84db89315d6838e17984217e6462433926e&o=&hp=1', 'https://t-cf.bstatic.com/xdata/images/hotel/max500/298420007.jpg?k=89a6e20d2934962ae1d59ed67598f68fb6515a9f6df85be8558a3b2abfc0dbd7&o=&hp=1', 'https://t-cf.bstatic.com/xdata/images/hotel/max500/298420637.jpg?k=24377204b1f123fe075675608f8d5c2fe29c6bd81768abe81d6911fc2d132533&o=&hp=1', 'https://t-cf.bstatic.com/xdata/images/hotel/max300/298420127.jpg?k=984e26cdd90ab915dbcf969f7c93bac3e191f8021f48ae000e1ebf20a9ce2b9a&o=&hp=1', 'https://t-cf.bstatic.com/xdata/images/hotel/max300/298420755.jpg?k=c7dbb2a1f237546fe491edc0627eb85bc24aee39c9def55665e91bdde442a586&o=&hp=1', 'https://t-cf.bstatic.com/xdata/images/hotel/max300/298420740.jpg?k=610e340010afaf81cdcd537d28f31a04be00e7071acaed51caf71fd9d1b5bceb&o=&hp=1']"
La Perla del Doge con Wellness & Spa uso esclusivo,3,"Calle del Megio 1784/A Sestriere S.Croce, Santa Croce, 30135 Venice, Italy",1.1 km from center,€ 321,9.0,"In the Santa Croce district of Venice, close to Venice Santa Lucia Train Station, La Perla del Doge con Wellness & Spa uso esclusivo has a spa and wellness centre, free WiFi and a washing machine. Housed in a building dating from 15th century, this apartment is 1.5 km from Piazza San Marco and 1.5 km from Doge's Palace. The air-conditioned apartment consists of 1 bedroom, a living room, a fully equipped kitchen with a microwave and a kettle, and 1 bathroom with a hot tub and slippers. Towels and bed linen are available. At the apartment guests are welcome to take advantage of a hot tub. Popular points of interest near La Perla del Doge con Wellness & Spa uso esclusivo include Scuola Grande di San Rocco, Frari Basilica and La Fenice Theatre. The nearest airport is Venice Marco Polo Airport, 13 km from the accommodation.","['https://cf.bstatic.com/xdata/images/hotel/max1024x768/296813973.jpg?k=b975fdec6f26dd4450b6bb4ce562453019c2aeaeb695d18cfdef047649cb8de3&o=&hp=1', 'https://cf.bstatic.com/xdata/images/hotel/max500/296813998.jpg?k=4ff5745b7894b420cde396e03f19557069f1bebe2984627c052f53ba57d48b47&o=&hp=1', 'https://cf.bstatic.com/xdata/images/hotel/max500/176411831.jpg?k=4888c1347abafb81e0d6724295dbef7dc9dd895d8953bcecd32b7125dfd5d6cc&o=&hp=1', 'https://cf.bstatic.com/xdata/images/hotel/max300/296813196.jpg?k=7c50dbd83185f0eedb5adb3ae4f71c98f7d1f5b763d9487454b25f08d0562e59&o=&hp=1', 'https://cf.bstatic.com/xdata/images/hotel/max300/296813847.jpg?k=3977dd3c407453afbb206dbd6085ebb047599e81b0cce7606d29e0d1b7666d76&o=&hp=1', 'https://cf.bstatic.com/xdata/images/hotel/max300/296814534.jpg?k=dce6ace5ced3762afd8da19671db08293a277363ef627fad85e1ee8184e2e732&o=&hp=1']"
Hotel Palace Bonvecchiati,4,"San Marco, Calle dei Fabbri 4680, San Marco, 30124 Venice, Italy",250 m from center,€ 336,8.9,"You're eligible for a Genius discount at Hotel Palace Bonvecchiati! To save at this property, all you have to do is sign in. Located just 250 m from Venice’s Saint Mark's Square, Hotel Palace Bonvecchiati offers contemporary rooms with elegant furniture and air conditioning. With free WiFi throughout, each room at the Bonvecchiati is spacious and well equipped with a minibar, bathrobe and slippers and TV with satellite channels. The property features an on-site bar that serves hot and cold snacks throughout the day. Breakfast and other meals are served at La Terrazza restaurant at a partner hotel next door. Guests can relax in the wellness centre, available at an extra cost, which includes a Turkish bath and sauna. A free fitness area is also offered. The Rialto vaporetto water bus stop is  just 200 m from Hotel Palace Bonvecchiati, linking to Santa Lucia Train Station and other major sites.","['https://t-cf.bstatic.com/xdata/images/hotel/max1024x768/99349747.jpg?k=60937ffe1dbd887aaad19207138737b98cbb2742d7a8804d35cff6abf95cbfde&o=&hp=1', 'https://t-cf.bstatic.com/xdata/images/hotel/max500/102302517.jpg?k=47060253db26faf5141a1fd65912a750f4b9066bf6692e1d473802f2f8061405&o=&hp=1', 'https://t-cf.bstatic.com/xdata/images/hotel/max500/268087197.jpg?k=80ff140fe8659c86bbbc03e1a4a120d0d42aa22c5d2fbdc714bc54ca52ca844e&o=&hp=1', 'https://t-cf.bstatic.com/xdata/images/hotel/max300/102307596.jpg?k=d62758527ba8790b25e2ae9a3ea82958e05e25ef36c2897e97d7cc5b9b0d818a&o=&hp=1', 'https://t-cf.bstatic.com/xdata/images/hotel/max300/102302530.jpg?k=414de4031a03fbab793d2fb881f2bc364b2f39822db3579b85148d369f0df03e&o=&hp=1', 'https://t-cf.bstatic.com/xdata/images/hotel/max300/268087348.jpg?k=963fdef0fb6b4046f79e59ff8f87ca938ea7008ce16df373c6a7dccc188f7a3a&o=&hp=1']"
Royal San Marco Hotel,4,"San Marco Calle dei Fabbri 848, San Marco, 30124 Venice, Italy",100 m from center,€ 284,7.7,"You're eligible for a Genius discount at Royal San Marco Hotel! To save at this property, all you have to do is sign in. Looking for an elegant setting for your stay in Venice? Naturally you'd like to be near St. Mark's Square. Royal San Marco Hotel is a 3-minute walk from the basilica. Set in one of the finest, ancient buildings of Venice, this charming hotel boasts fine décor and antique furnishings, which really set the scene. Royal San Marco Hotel is located just behind the city's most famous square on a characteristic narrow street. Here you will find typical shops selling just about everything from Murano glass to Venetian masks. The professional team of staff are always at hand to provide valuable tourist information and tips and recommendations to get the most out of your time in Venice. Your day begins with a rich and varied breakfast buffet, which is available until 10:30. Opposite the hotel you will find a cosy café and stylish American bar, all under the same ownership. Just a little further along the road you will come across the hotel's prestigious La Colomba restaurant, which is also a popular venue for international art exhibitions.","['https://cf.bstatic.com/xdata/images/hotel/max1024x768/83456773.jpg?k=04089ff6f08ac5561dcb774ac04471a736e240fac4ae2ae6eaa4ccdedcb71c3d&o=&hp=1', 'https://cf.bstatic.com/xdata/images/hotel/max500/181430974.jpg?k=0373d15333cebdce75a4cc9e0a1daa104467aec35c69c551f097f51a713796d9&o=&hp=1', 'https://cf.bstatic.com/xdata/images/hotel/max500/64020369.jpg?k=d7338c0db4809bf7a653facb5653a78c564755f0fdf44233828a34e4ecc9b4f0&o=&hp=1', 'https://cf.bstatic.com/xdata/images/hotel/max300/114064564.jpg?k=182d434e21e5be8a05cac75e178f4131d385a07ba5382cfbeb756b2b4f80c7e0&o=&hp=1', 'https://cf.bstatic.com/xdata/images/hotel/max300/126187169.jpg?k=123cc3b323baad53be0df8809b563b30b5fb46b708b40c7197d184cc6c7d5b0b&o=&hp=1', 'https://cf.bstatic.com/xdata/images/hotel/max300/64019729.jpg?k=5c1e125496f4503bf1afdee57c8de14601cb77a711bec6e09b8470d794221f2b&o=&hp=1']"
Cà Doge,3,"Santa Croce 467 - Rio Terà Sant'Andrea, Santa Croce, 30135 Venice, Italy",1.7 km from center,€ 190,7.9,"Located in Venice's historic centre and featuring private parking, Cà Doge offers spacious, soundproofed rooms with free WiFi, Waterbuses to St Mark's Square stop in front of the property, as does the People Mover to the harbour. With air conditioning and heating, all rooms at the Doge have a classic décor and parquet floors. Each has a flat-screen satellite TV and minibar. Cà Doge is located less than a 10-minute walk from Santa Lucia Train Station and a 15-minute drive from Venice Marco Polo Airport.","['https://cf.bstatic.com/xdata/images/hotel/max1024x768/304246249.jpg?k=c3afa9877d304376a85527532a399ea12affd283859cfd8ee245151a3a07146f&o=&hp=1', 'https://cf.bstatic.com/xdata/images/hotel/max500/304246228.jpg?k=191973cd8e7eb8afec7103a44ddca5da6c846efbaec5cf6e5f67466d2c215259&o=&hp=1', 'https://cf.bstatic.com/xdata/images/hotel/max500/295042037.jpg?k=bb6308c51b548187e67c7112077c87e3072e9a5d1d86285e76215eb462b67a9f&o=&hp=1', 'https://cf.bstatic.com/xdata/images/hotel/max300/121828969.jpg?k=e0826418f16aeebdb84bea6f2a5c30e587c1340f71792a80076a1de7f6e06c34&o=&hp=1', 'https://cf.bstatic.com/xdata/images/hotel/max300/357949147.jpg?k=c07a4672cb57dbc3f88390056e69d7aa4ef054f5e361d8607422b27750d3ac66&o=&hp=1', 'https://cf.bstatic.com/xdata/images/hotel/max300/295041919.jpg?k=0bef4873ab0301495ae2a35e6673ebc91be0f7b3c261f595bae654c1d7db2570&o=&hp=1']"
Hotel Ca' Alvise,4,"Calle della Verona, 3673, San Marco, 30124 Venice, Italy",400 m from center,€ 263,8.0,"You're eligible for a Genius discount at Hotel Ca' Alvise! To save at this property, all you have to do is sign in. Hotel Ca' Alvise is set in a historic building with Venetian Baroque interiors. It is near the Opera House, 20 m from the Fenice Theatre, and a 10-minute walk from Saint Mark’s Square. With rich fabrics and warm colours, all rooms at the Ca' Alvise are equipped with air conditioning, flat-screen TV with satellite channels, and an electric kettle with free tea bags. Some rooms include a comfortable seating area. Ca' Alvise Hotel serves a varied international breakfast. The restaurant next door serves classic Italian cuisine and local specialities. The Sant'Angelo water-bus stop is a 5-minute walk from the hotel, and water taxis can take you right in front of the door. Rialto Brigde is 600 m away.","['https://cf.bstatic.com/xdata/images/hotel/max1024x768/105552483.jpg?k=eaec33d6ce8d4031600b1c51c4e6400781f843c9d7cbeca293ee1a2a1f839174&o=&hp=1', 'https://cf.bstatic.com/xdata/images/hotel/max500/105555905.jpg?k=d095da67cdbeb6f0ca31cd4bf872bb4d14fc3ce61acb9dd692dc7491a30fe874&o=&hp=1', 'https://cf.bstatic.com/xdata/images/hotel/max500/47308969.jpg?k=84dd049c4f73d39bba09b0198d980620d063c6c89221144bd8aa081b87002c86&o=&hp=1', 'https://cf.bstatic.com/xdata/images/hotel/max300/47308888.jpg?k=5bc423cd436d7d29022c03c8a6176faebc790698664469082b6409c8930c366b&o=&hp=1', 'https://cf.bstatic.com/xdata/images/hotel/max300/137909749.jpg?k=56f503ef20f22ecced4ed4878c5e627caa2957fdc8b9bb3f9dac4f86695f2fdb&o=&hp=1', 'https://cf.bstatic.com/xdata/images/hotel/max300/47309030.jpg?k=27571e2ad38a3419b684ccfa3f9c6d0bbe4da0ea386628f349cc2dd346a0595d&o=&hp=1']"
Hotel Giorgione,4,"Cannaregio Ss. Apostoli 4587, Cannaregio, 30121 Venice, Italy",0.8 km from center,n,8.3,"You're eligible for a Genius discount at Hotel Giorgione! To save at this property, all you have to do is sign in. Completely decorated in a classic style with antique furniture and Venetian décor, the 4-star Hotel Giorgione is a 18th-century building in central Venice. The Rialto Bridge is 400 m away. The elegant rooms feature precious fabrics and Murano-glass chandeliers. They combine period furniture with modern amenities, such as an LCD TV with satellite channels. WiFi is free throughout. The rich breakfast buffet includes freshly baked croissants, eggs and bacon. During summer, it is served in the very characteristic courtyard with fountain. The property also boasts an outdoor seasonal pool, hot tub and solarium. Located in the Cannaregio district, Giorgione Hotel is a 15-minute walk from St Mark’s Square, the Doge’s Palace.","['https://cf.bstatic.com/xdata/images/hotel/max1024x768/42966945.jpg?k=41f5f2782b9dcd243e2ce7d271259c30df46904db32c02cc4cca5d1ce3b0710d&o=&hp=1', 'https://cf.bstatic.com/xdata/images/hotel/max500/102775641.jpg?k=c95cb876e2949f838a8aecc709a0f3528fbe302ceff1c21d828aebfb51850ed6&o=&hp=1', 'https://cf.bstatic.com/xdata/images/hotel/max500/176590734.jpg?k=72c4a73cd67cc996d1251b29e8c1380db1d53640705470d980e1dc119e4d848a&o=&hp=1', 'https://cf.bstatic.com/xdata/images/hotel/max300/244614408.jpg?k=b05e18a6e992dd0b431df42e5e7050abeda1dee886479131e3fc77f629ebf8b2&o=&hp=1', 'https://cf.bstatic.com/xdata/images/hotel/max300/176598996.jpg?k=bbc4586456d7456fa0cabc4acd26c0b09c1167f7487092bc2c8dbeee5887625f&o=&hp=1', 'https://cf.bstatic.com/xdata/images/hotel/max300/176844594.jpg?k=dcc781fc1346b512ea38ce96dd69ed6f752f96d471f05cb1bc2d0c9623d0a9dc&o=&hp=1']"
Hotel Bucintoro,4,"Castello 2135/A, Castello, 30122 Venice, Italy",0.9 km from center,n,9.2,"You're eligible for a Genius discount at Hotel Bucintoro! To save at this property, all you have to do is sign in. Right on the waterfront in the heart of Venice and next to San Biagio Church, Hotel Bucintoro offers elegant rooms and suites with panoramic views over the Venice Lagoon. The Bucintoro Hotel is just across the bridge from the Vaporetto (water bus) stop, Arsenale. Accommodation here comes with air conditioning, satellite TV, and free Wi-Fi. Each room boasts a great view that includes Saint Mark's Square, Palazzo Ducale, the Campanile, and the Island of San Giorgio. Hotel Bucintoro is set in the historic district of Castello, a 10-minute walk from Saint Mark's Square. The area is still full of small neighbourhood shops, cafés and Venetian inns.","['https://cf.bstatic.com/xdata/images/hotel/max1024x768/145359537.jpg?k=d505419dc7b4a365a7e200955adea2c35f2dca5bbf2bee9034a531756927ccab&o=&hp=1', 'https://cf.bstatic.com/xdata/images/hotel/max500/283173772.jpg?k=3a4e3a15b8e11b98a325397fb1466f9ba22ad65eec23b5655f3d64119a4de612&o=&hp=1', 'https://cf.bstatic.com/xdata/images/hotel/max500/283182973.jpg?k=1549c9deebbfe9ed92760b27aaf1a63e163d1d59e7afe3d0a16090b4155c455d&o=&hp=1', 'https://cf.bstatic.com/xdata/images/hotel/max300/283179733.jpg?k=0a4ad46ac0bdabd029a77c8a9bc5ecb663250b5fa04ec8a6c735d993421381e2&o=&hp=1', 'https://cf.bstatic.com/xdata/images/hotel/max300/283173739.jpg?k=4324a3dbdf27b17071c9ce4d2df53d5db228d3655c2263d8c92304519e5224f1&o=&hp=1', 'https://cf.bstatic.com/xdata/images/hotel/max300/283173523.jpg?k=be6d75aee7ff5d7ec9089c6d1cd46eb3789f26d9d621d6148547fac7cc56427f&o=&hp=1']"
Hotel Concordia,4,"Calle Larga, San Marco 367, San Marco, 30124 Venice, Italy",150 m from center,n,8.4,"You're eligible for a Genius discount at Hotel Concordia! To save at this property, all you have to do is sign in. Set in the heart of Venice, the family-managed Hotel Concordia overlooks Saint Mark’s Square. The entrance is in Calle Larga, a picturesque street with restaurants and bars. Rooms feature 18th-century Venetian-style furnishings. The stylish rooms come with period furniture and wooden sculptures. Each room features air conditioning, free Wi-Fi, and satellite channels. The bathrooms are in marble and hard stone. The Beggiato family have owned the Concordia for 4 generations.","['https://cf.bstatic.com/xdata/images/hotel/max1024x768/159149357.jpg?k=4cc71b9184f7b764789991435af54e14b71755e83c885e0f7c16f2b463a16d8f&o=&hp=1', 'https://cf.bstatic.com/xdata/images/hotel/max500/159731370.jpg?k=9b064d83af94195a363cc27ea7f7f4162baac55763a5a4c010b8f725b38ea42e&o=&hp=1', 'https://cf.bstatic.com/xdata/images/hotel/max500/203788626.jpg?k=416bfe496743a2328cf918215781e962e1001bd9600ce65ac769bbf6a2598ef6&o=&hp=1', 'https://cf.bstatic.com/xdata/images/hotel/max300/159715672.jpg?k=0dd56849b24116998bc6d0e9b972a92efdc70f0f3c2eac68f12a8b102a37064c&o=&hp=1', 'https://cf.bstatic.com/xdata/images/hotel/max300/170021998.jpg?k=11960f3456703a2c619406ca669b5a51367fc06f13388ee5e3997d431d39691d&o=&hp=1', 'https://cf.bstatic.com/xdata/images/hotel/max300/7575739.jpg?k=2bfcbe8f63b065a0024883c8b0814a2df2a2c39d7055f54fc06bdd905f4d854e&o=&hp=1']"
Canaletto Luxury Suites - San Marco Luxury,4,"292 San Marco 292, San Marco, 30124 Venice, Italy",100 m from center,n,9.3,"Well situated in the San Marco district of Venice, Canaletto Luxury Suites - San Marco Luxury is set 100 m from Doge's Palace, a few steps from Basilica San Marco and 1.1 km from Ca' d'Oro. This 4-star hotel offers a concierge service and luggage storage space. The hotel features family rooms. The hotel will provide guests with air-conditioned rooms offering a desk, a kettle, a minibar, a safety deposit box, a flat-screen TV and a private bathroom with a bidet. The units will provide guests with a wardrobe and a coffee machine. Guests at Canaletto Luxury Suites - San Marco Luxury can enjoy a continental breakfast. Spa and wellness facilities including a hot tub and a sauna are at guests' disposal during their stay at the accommodation. Popular points of interest near Canaletto Luxury Suites - San Marco Luxury include Rialto Bridge, Piazza San Marco and Church of San Giorgio Maggiore.","['https://cf.bstatic.com/xdata/images/hotel/max1024x768/334847026.jpg?k=0f80553bb4378fb78f99b6341637381e7ac99880e319666daaf4f67756088c43&o=&hp=1', 'https://cf.bstatic.com/xdata/images/hotel/max500/334847029.jpg?k=00cc35506c99ee7f12615ac0ee08221e334bf5010ebedb82ad88859a979e2367&o=&hp=1', 'https://cf.bstatic.com/xdata/images/hotel/max500/334847031.jpg?k=202781a53f5fccf5f557a0aabcf7230649412ac87a7e56c77f6cdeb137470380&o=&hp=1', 'https://cf.bstatic.com/xdata/images/hotel/max300/334847023.jpg?k=c44ca033ce0e002c9e546ab1672f2e737c00dea962f9177f2c715632162651ee&o=&hp=1', 'https://cf.bstatic.com/xdata/images/hotel/max300/334846979.jpg?k=1870aaf5fafc8974286af75fb5e40878282432b4f261586f9e1b7dab319cc24d&o=&hp=1', 'https://cf.bstatic.com/xdata/images/hotel/max300/334847034.jpg?k=ba6500488da6bf164b04ff32f8a366ebea080d6a1426f37bd6ba1fbffd091579&o=&hp=1']"
"Hotel Indigo Venice - Sant'Elena, an IHG Hotel",4,"Calle Buccari 10, Castello, 30132 Venice, Italy",2.1 km from center,n,8.9,"Hotel Indigo Venice - Sant'Elena is a former Venetian convent with well-kept gardens, offering charming rooms with modern design and a LCD 40-inch TV. Free WiFi is available throughout. The hotel is located on the south-eastern corner of Venice, close to the Giardini della Biennale and the Parco delle Rimembranze gardens. Guests can enjoy the Savor Restaurant Bar & Garden, which serves international dishes with seasonal ingredients. Saint Mark's Square is reached through a beautiful 30-minute stroll along Riva degli Schiavoni.","['https://t-cf.bstatic.com/xdata/images/hotel/max1024x768/246559240.jpg?k=5bdad4ae2ed58bd31a8949ae210ed581820d98a7156d778760fbcbf1679f84ed&o=&hp=1', 'https://t-cf.bstatic.com/xdata/images/hotel/max500/239142634.jpg?k=76e841d530164da46951f870fa31c4a2259a2aeb57125b7fd68717e954618e74&o=&hp=1', 'https://t-cf.bstatic.com/xdata/images/hotel/max500/239142873.jpg?k=955cab3d861fb7b01186acc5a7b356435bb5f996ee0113994273f5c2c4cfb778&o=&hp=1', 'https://t-cf.bstatic.com/xdata/images/hotel/max300/238846159.jpg?k=e99a3defbd9fd8432e9a02451077d0d3f719afc1c35c074251da11a06bd6d2da&o=&hp=1', 'https://t-cf.bstatic.com/xdata/images/hotel/max300/239142584.jpg?k=44a2e023fe5d827c22238d1910f34777aed3244b3a93facd8100c8a41e663352&o=&hp=1', 'https://t-cf.bstatic.com/xdata/images/hotel/max300/230566692.jpg?k=a1356dd1310df9ef8661b39dc20c6ca0d585a6f80372abf21f73df148b530849&o=&hp=1']"
All’Angelo Art Hotel,4,"San Marco 403, San Marco, 30124 Venice, Italy",250 m from center,n,8.4,"You're eligible for a Genius discount at All’Angelo Art Hotel! To save at this property, all you have to do is sign in. Set in a 17th-century building on the canal of Palazzo Ducale and 2 minutes’ walk from St. Mark’s Square, All’Angelo Art Hotel is in the heart of Venice. WiFi throughout is free. The spacious rooms at All’Angelo Art Hotel are elegantly furnished and come with a satellite flat-screen TV, a marble bathroom and air conditioning. Paintings by Matisse, Braque, Vedova and San Tommaso can be admired in public areas and in some rooms. A buffet breakfast is served daily and includes homemade cakes and pastries. Angelo Art Cafè wine bar provides high-quality wines served with traditional Venetian snacks, called cicchetti. The hotel also features a private landing for water taxis.","['https://cf.bstatic.com/xdata/images/hotel/max1024x768/342854302.jpg?k=6fd0609802b505b014f3e802ad8980c3087e6dc90060c677f91b623e543564b6&o=&hp=1', 'https://cf.bstatic.com/xdata/images/hotel/max500/270664733.jpg?k=a50c376b23c9becff546e5db71aa922ef5b97059eea51bbc0fb6a1684b96d9d9&o=&hp=1', 'https://cf.bstatic.com/xdata/images/hotel/max500/85351791.jpg?k=0207850c3d13e2b821d6cfdf5953da359e172b77f5d0c4a8660fa29544ec422f&o=&hp=1', 'https://cf.bstatic.com/xdata/images/hotel/max300/268640446.jpg?k=67f949f00c5893951970a73320fc26cff28388b9500ae7a5007e354412606309&o=&hp=1', 'https://cf.bstatic.com/xdata/images/hotel/max300/270664703.jpg?k=db421cee6619bd512e555e431158cce11af6ca8a8b8b1d762f635672c066ef44&o=&hp=1', 'https://cf.bstatic.com/xdata/images/hotel/max300/271221602.jpg?k=fccc4766f1c298015d9fbc86da11146ef0d3560c261e735251ba6b45a33c1241&o=&hp=1']"
Hotel L'Orologio - WTB Hotels,4,"Sestiere San Polo - Riva de L Ogio 1777, San Polo, 30125 Venice, Italy",0.8 km from center,n,9.1,"You're eligible for a Genius discount at Hotel L'Orologio - WTB Hotels! To save at this property, all you have to do is sign in. Hotel L' Orologio offers accommodation next to the Grand Canal in Venice, a 5-minute walk from Rialto Bridge and 600 m from Campo San Polo Square. WiFi is free throughout. The elegant, air-conditioned rooms are all soundproofed and hypoallergenic. They come with parquet floors, satellite TV, and a private bathroom with a hairdryer. Guets of the L' Orologio Hotel have access to a terrace and a snack bar. Restaurants, cafes, and shops are within 100 m of the property. St. Mark's Square and Santa Maria Formosa Square are 900 m away, and the Peggy Guggenheim Collection is 2 km from the L' Orologio. A 15-minute walk takes you to Venezia Santa Lucia train station.","['https://t-cf.bstatic.com/xdata/images/hotel/max1024x768/63309537.jpg?k=9be8e03a695e5b3e449ad880ebde984477dd30abc956288d3a75a87d95a9013d&o=&hp=1', 'https://t-cf.bstatic.com/xdata/images/hotel/max500/48845353.jpg?k=c7ff1f8deca826a856f4bcdd260902f0de06bae314557e4460cc3ebfd3398e0c&o=&hp=1', 'https://t-cf.bstatic.com/xdata/images/hotel/max500/48845429.jpg?k=6d7bd2872f4d9f77ba9046dddede683843974e8af35d2895445c1c0a3bbed811&o=&hp=1', 'https://t-cf.bstatic.com/xdata/images/hotel/max300/63309535.jpg?k=521cdf900fbdc0b2b46d3017646fb11f09b68da99c7c16214b3af2fb1a0746f7&o=&hp=1', 'https://t-cf.bstatic.com/xdata/images/hotel/max300/48845382.jpg?k=f8acd2ea3f34cac5da5528a48e85fbed9b793720058178b8553add23dcbe3adf&o=&hp=1', 'https://t-cf.bstatic.com/xdata/images/hotel/max300/48845424.jpg?k=b192e937a7c0ad54ffff35f415187a5d5d9407c9acc3617c2f26affe2dc965d9&o=&hp=1']"
Hotel Dei Dragomanni,4,"San Marco 2711 Calle Dose da Ponte, San Marco, 30124 Venice, Italy",0.6 km from center,n,8.0,"You're eligible for a Genius discount at Hotel Dei Dragomanni! To save at this property, all you have to do is sign in. Hotel Dei Dragomanni is in a residential area in Venice's historic centre, just 4 bridges from Saint Mark's Square. It offers rooms with Sky TVs. All the rooms come with air conditioning and most feature a balcony. Some rooms have a view of the Grand Canal. A varied buffet is served in the cosy breakfast room. Dei Dragomanni Hotel is close to Campo San Maurizio square and the Accademia Gallery. A famous antiques market is also nearby. The staff is available for info about Venice and its unique transport system.","['https://cf.bstatic.com/xdata/images/hotel/max1024x768/74992499.jpg?k=0163023892aa7a7c50fef454e7c364e3459b3023243ba97e01717627d4912f15&o=&hp=1', 'https://cf.bstatic.com/xdata/images/hotel/max500/360217036.jpg?k=4fecaf8b08f42c7a8265fb940797b19ef340439e39eef81d88344ec726389bd2&o=&hp=1', 'https://cf.bstatic.com/xdata/images/hotel/max500/360217380.jpg?k=e6eb2b977316a823f14eff5535dfd6b177e562c019826d16a484d5f3db3ad08f&o=&hp=1', 'https://cf.bstatic.com/xdata/images/hotel/max300/360217117.jpg?k=9a1e9cbab423b17cf0cbdc14ba93a636a3ce8342e4a3971cc98cf9c09f7a3ac5&o=&hp=1', 'https://cf.bstatic.com/xdata/images/hotel/max300/360221493.jpg?k=7f122767aaafdcb7d27e8fcdf2bb210e8c23ded0ad421d06401c84617baf9bb9&o=&hp=1', 'https://cf.bstatic.com/xdata/images/hotel/max300/376847939.jpg?k=95c70192c71596c3f303ef4c035dc7c309ce22c2c8146e738bf86e0d90550939&o=&hp=1']"
Al Gazzettino,3,"San Marco 4971, San Marco, 30100 Venice, Italy",250 m from center,n,8.2,"You're eligible for a Genius discount at Al Gazzettino! To save at this property, all you have to do is sign in. Set a 5-minute walk from St Mark’s Square and a 3-minute walk from the Rialto Bridge, Hotel Al Gazzettino is located in a 17th-century building, 350 m from the Doge’s Palace. Rooms come with Baroque furniture and Murano-glass lamps. Fitted with wooden or tiled floors, rooms at the Gazzettino have free Wi-Fi, air conditioning and an LCD TV with satellite channels. An Italian breakfast, including hot drinks and croissant, is served daily in the restaurant. Guests can enjoy the in house restaurant, reservations are welcomed. Staff can help organise city tours or book tickets for public transports and events.The nearest Vaporetto stop is Rialto.","['https://cf.bstatic.com/xdata/images/hotel/max1024x768/345630456.jpg?k=4c979e8061734cbfed32beffd5f5c5802cb1f0238085ca951f5bf2a59f48edbb&o=&hp=1', 'https://cf.bstatic.com/xdata/images/hotel/max500/345630477.jpg?k=b07a6b38fbf4ccc5a53c4c0473793ee36fa81cde8ceab0331b5c4dfa963aeebd&o=&hp=1', 'https://cf.bstatic.com/xdata/images/hotel/max500/345630538.jpg?k=fb84cf78df3c3b9e524cc870fd7760053fb9b538f7f7f6071d33dbf4c86c4f2c&o=&hp=1', 'https://cf.bstatic.com/xdata/images/hotel/max300/345785322.jpg?k=924174ed1daca36853465015f66f7cc78a33fc1c18b28e801274a24d62912f1f&o=&hp=1', 'https://cf.bstatic.com/xdata/images/hotel/max300/345785294.jpg?k=dbf88fe3baeef7babce12b60022b549370cf426fad3a5b254dff3c39b808af9f&o=&hp=1', 'https://cf.bstatic.com/xdata/images/hotel/max300/345785244.jpg?k=8bca711aaf31394b73e04bf3836b2a38dc4d0bc672564bad6ac969e8adfeae3e&o=&hp=1']"
Antico Panada,3,"Calle Degli Specchieri 646, San Marco, 30124 Venice, Italy",200 m from center,n,7.3,"You're eligible for a Genius discount at Antico Panada! To save at this property, all you have to do is sign in. Antico Panada dates back to 1889. It is set in 2 historic buildings, 30 m from Saint Mark's Square. The air-conditioned rooms feature refined furniture, and Murano lamps. Free Wi-Fi is available throughout the property. The Panada overlooks Calle degli Specchieri, a street that leads directly to Basilica of San Marco without crossing any bridges. The nearest water-bus stop is Calle Vallaresso. The stylish interiors are decorated with white and red marble. A continental buffet is served daily in the breakfast room, located in the main building. The hotel's Bar Ai Speci is an old Venetian inn. It is open until midnight and serves the traditional Spritz aperitif, a good cup of espresso, and international cocktails.","['https://cf.bstatic.com/xdata/images/hotel/max1024x768/23869675.jpg?k=7dd8be2ce09d0bb7303b731fd6ccbfd5f89baedb22118e8043b25c948c101446&o=&hp=1', 'https://cf.bstatic.com/xdata/images/hotel/max500/222626935.jpg?k=bb0766a0b0145a131fd9cd95541bfda13b52a5cb7669d825617b6c1ddaa6f414&o=&hp=1', 'https://cf.bstatic.com/xdata/images/hotel/max500/23869016.jpg?k=839397ffe3df0ec333aa45bcdb0bea8c823e6dd2cf1556e1ed78b55e478804bc&o=&hp=1', 'https://cf.bstatic.com/xdata/images/hotel/max300/45179714.jpg?k=6a747af3a2249ec99b979609e5e2170b5cf19d08186067f75095b34d0a6aae06&o=&hp=1', 'https://cf.bstatic.com/xdata/images/hotel/max300/148544191.jpg?k=7faf459aa0401d24cc6827053ecbe8a7223d0715a0f434c8047356484c44cf35&o=&hp=1', 'https://cf.bstatic.com/xdata/images/hotel/max300/148545317.jpg?k=33dbf91edd919f0c4f2f45a9607830ec49d2712dce2921b5e15410bb1dbbeb01&o=&hp=1']"
Hotel Montecarlo,3,"San Marco, 463 - Calle Specchieri, San Marco, 30124 Venice, Italy",200 m from center,€ 193,8.6,"You're eligible for a Genius discount at Hotel Montecarlo! To save at this property, all you have to do is sign in. Set in a 17th-century building just 50 m from St. Mark’s Square, Hotel Montecarlo offers Venetian-style rooms with air conditioning and satellite TV. Wi-Fi is free throughout. Antico Pignolo restaurant serves a range of classic Italian cuisine and the wine cellar has over 900 different wines and holds the Best of Award of Excellence for the selection. Guests can relax in the Montecarlo's reading room and TV lounge, and cocktails are available at the bar. The entire hotel is non smoking. The famous Bridge of Sighs is 400 m away, while the Rialto Bridge is less than a 10 minutes away on foot.","['https://cf.bstatic.com/xdata/images/hotel/max1024x768/62467060.jpg?k=4b7d7d6a10352db76f15fa6525aee8e482e765529af7877c581f7088d24c818c&o=&hp=1', 'https://cf.bstatic.com/xdata/images/hotel/max500/83539311.jpg?k=c639e8280ee47d45c69b6b59fdb55a6da21fbeb0493ae8dea1f6cbe32333aca6&o=&hp=1', 'https://cf.bstatic.com/xdata/images/hotel/max500/83541910.jpg?k=c398ac35ce4ddb2d0193fe11271dc20d1e7487fe967067ca290588f61ce09175&o=&hp=1', 'https://cf.bstatic.com/xdata/images/hotel/max300/83540348.jpg?k=7cca11b05c3a46474ccec5d2f6b7164712e270245b03f9d52076194b75f5c2aa&o=&hp=1', 'https://cf.bstatic.com/xdata/images/hotel/max300/83540395.jpg?k=1991d3ca9487820ae8335a9eb7ee98b2d841d508952f4e84b7d14288b69840e7&o=&hp=1', 'https://cf.bstatic.com/xdata/images/hotel/max300/83590049.jpg?k=e3f318ad32c0fe1a71667a6796e05d1f5f22399081be643610838788eb1c0ca4&o=&hp=1']"
Palazzo San Lorenzo,4,"Castello, 4981/B, Castello, 30122 Venice, Italy",450 m from center,n,8.9,"You're eligible for a Genius discount at Palazzo San Lorenzo! To save at this property, all you have to do is sign in. Located in Venice. Palazzo San Lorenzo offers accommodation with a bar. This property is situated a short distance from attractions such as Rialto Bridge and Basilica San Marco. The accommodation provides a 24-hour front desk as well as free WiFi. Guest rooms in the hotel are equipped with a flat-screen TV. Rooms are complete with a private bathroom fitted with a bidet, while certain rooms have a seating area. All rooms at Palazzo San Lorenzo include air conditioning and a wardrobe. Guests at the accommodation can enjoy a continental breakfast. The Ducal Palace is 600 m from Palazzo San Lorenzo. Venice Marco Polo Airport is 21 km from the property.","['https://cf.bstatic.com/xdata/images/hotel/max1024x768/210823974.jpg?k=a810502a32ee2eb1bbb8c3c24b6f16feed59d1310bfb3b96f837c8127b3cdccf&o=&hp=1', 'https://cf.bstatic.com/xdata/images/hotel/max500/180829575.jpg?k=cfe0ec2964d0114cf00c2945f08597d950306cbb6091f1cde63b521e84dd2d5f&o=&hp=1', 'https://cf.bstatic.com/xdata/images/hotel/max500/180706891.jpg?k=cfe04273e6fff2d016c182681e4acebe99fc0fd99fa50981d6e4cf6570c92418&o=&hp=1', 'https://cf.bstatic.com/xdata/images/hotel/max300/210823891.jpg?k=c1fd3435cda52e5db87a891fccb9f96cecefdb618693443da9f12c58dc64d6d5&o=&hp=1', 'https://cf.bstatic.com/xdata/images/hotel/max300/173852952.jpg?k=f5a8c476b84c46efb54f600d75138bee73935f809e4f87f4ee893f36eee047b1&o=&hp=1', 'https://cf.bstatic.com/xdata/images/hotel/max300/180711113.jpg?k=834c03a13517ea13921c9a8c1c40b23d1b18074caebcea06ead545b8dc75a4a2&o=&hp=1']"
"Hotel Danieli, a Luxury Collection Hotel, Venice",5,"Riva degli Schiavoni 4196, Castello, 30122 Venice, Italy",300 m from center,n,8.9,"Overlooking Venice Lagoon, Hotel Danieli is a legendary hotel 200 m from St. Mark's Square. Each room is spacious and finely furnished. The staff provides an unmatchable service. This award-winning Luxury Collection Hotel is comprised of 3 separate buildings, dating back to the 14th, 19th, and 20th centuries, and connected by covered bridges. The nearest water-bus stop is just a 2-minute walk away. All rooms and suites feature an LCD satellite TV, air conditioning, and an Italian-marble bathroom with bathrobe and slippers. Some rooms offer views of the lagoon. The panoramic restaurant Terrazza Danieli offers amazing views and an exquisite menu. Drinks are served in the Bar Terrazza Danieli or the sophisticated Bar Dandolo.","['https://cf.bstatic.com/xdata/images/hotel/max1024x768/143947580.jpg?k=557ea109d052df1e582f3a83e84080bc067ead6494b32f4b8a6a3f6961e51786&o=&hp=1', 'https://cf.bstatic.com/xdata/images/hotel/max500/211218419.jpg?k=93967fc7952c84789d2bec19c195bb7573c98ba2b45b1b115ffd1afb8c4f5566&o=&hp=1', 'https://cf.bstatic.com/xdata/images/hotel/max500/137655467.jpg?k=8cd9e55f0fe45542a18c631edb423a7761f3d287dbf29562edf03d03ab4bf0e1&o=&hp=1', 'https://cf.bstatic.com/xdata/images/hotel/max300/211218408.jpg?k=2bf97c67596afadcda2f577c529cdd3fdfe237892d7b578dc457b52dc427bd16&o=&hp=1', 'https://cf.bstatic.com/xdata/images/hotel/max300/211218399.jpg?k=77b11950eb4c8fe08298e9f1455cb37afa280f54a8b892e3d64fa351be4cebce&o=&hp=1', 'https://cf.bstatic.com/xdata/images/hotel/max300/211218415.jpg?k=5450a13b60b8d54070a5e9e2cdf567b585bf3b2d1ef8c0a7429ac27ad26415b1&o=&hp=1']"
Sina Palazzo Sant'Angelo,4,"San Marco 3878/b - 3488, San Marco, 30124 Venice, Italy",0.7 km from center,n,9.0,"You're eligible for a Genius discount at Sina Palazzo Sant'Angelo! To save at this property, all you have to do is sign in. Sina Palazzo Sant'Angelo is a luxurious boutique hotel with private pier, located between Rialto Bridge and St. Mark's Square. Rooms are decorated in a timeless 18th-century Venetian style. All rooms at Sina Palazzo Sant'Angelo feature a spacious marble bathroom with hydromassage bath. Rooms offer views of the canal or the courtyard with garden. A generous buffet breakfast is served in a wood-panelled room with silk wall coverings and large windows overlooking a typical Venetian canal. Bar service is available all day. Formerly a private residence, the hotel boasts a hall overlooking the Canal Grande, decorated with precious tapestry and magnificent Palladian floors. The nearest water bus stop is Sant'Angelo.","['https://cf.bstatic.com/xdata/images/hotel/max1024x768/184903358.jpg?k=538529869c44f78271fa9aaaaee08d054c6884cf9b1abebadd9587f0730d3f90&o=&hp=1', 'https://cf.bstatic.com/xdata/images/hotel/max500/375621731.jpg?k=35292ed18c9431d175d4e90d4abc4a5a3a921ed5fdd01997fa35ca368fe7f0ff&o=&hp=1', 'https://cf.bstatic.com/xdata/images/hotel/max500/233976736.jpg?k=de4e44cc6016ddb06103cd0f87bd3f8ea91dab8bca2ac00066d9c6689ddb4180&o=&hp=1', 'https://cf.bstatic.com/xdata/images/hotel/max300/375715800.jpg?k=270fec7fb42a013e2d3dade76aae430e48edadd9297921838ba42c6cd37be202&o=&hp=1', 'https://cf.bstatic.com/xdata/images/hotel/max300/233972333.jpg?k=59832405bab560d3b4eb6f7f1f332662a78a33472d28a3d683cfad54fed4b870&o=&hp=1', 'https://cf.bstatic.com/xdata/images/hotel/max300/184911469.jpg?k=2a015cf8efdc404e55e7b4e406435dd1374db7e393e22f8e58a0b2378d8e6fca&o=&hp=1']"
Sina Centurion Palace,5,"Dorsoduro, 173, Dorsoduro, 30123 Venice, Italy",0.5 km from center,n,8.7,"You're eligible for a Genius discount at Sina Centurion Palace! To save at this property, all you have to do is sign in. Overlooking the Grand Canal, next to the Basilica of Chiesa of Santa Maria della Salute, Centurion Palace offers 5-star luxury in Venice. Drinks are served in the hotel's private courtyard. Dating back to 1892, the property combines contemporary interiors with original décor. Guests have a modern gym and a private dock for arrivals by water taxi. Salute Vaporetto (water bus) stop is right outside. Rooms are elegantly decorated in neutral colours with wood-beamed ceilings and wood floors. All air-conditioned, the rooms also feature a minibar and flat-screen TV. Each one has a modern bathroom with a bathrobe and slippers. Centurion Palace serves a large buffet breakfast with both sweet and savoury items. These include eggs, smoked salmon, cheeses and a selection of fresh fruit. Antinoo's Restaurant offers gourmet cuisine and Grand Canal views.","['https://cf.bstatic.com/xdata/images/hotel/max1024x768/164305864.jpg?k=b650e9ab2dcd51ef5c47be896854687af0d4cf4c934a3d69b3ee8f42a506f4f2&o=&hp=1', 'https://cf.bstatic.com/xdata/images/hotel/max500/79689647.jpg?k=4e3ae184f7b74f77ec499a254e8643ad25e9d69ba8c2f08487ba23bf874cf0b1&o=&hp=1', 'https://cf.bstatic.com/xdata/images/hotel/max500/164307674.jpg?k=469595a85301f386f742f4ff74821b15f9a03470b0524f58990a7b9bc4d4ba58&o=&hp=1', 'https://cf.bstatic.com/xdata/images/hotel/max300/287785446.jpg?k=c96123eda251a2a669e80276b8288d60cf0c250956f9b96e70d6d482125898a6&o=&hp=1', 'https://cf.bstatic.com/xdata/images/hotel/max300/184326170.jpg?k=c5b93c905d4d68c10a4e0ac2c3aef1755b9f00ed1538eb19f1ffc7f2135b6033&o=&hp=1', 'https://cf.bstatic.com/xdata/images/hotel/max300/164330415.jpg?k=301705c0aa85697ed9508857d130c0e3910b38f2cab159557f01ebde8db0bc29&o=&hp=1']"
Rosa Salva Hotel,3,"San Marco 951, San Marco, 30124 Venice, Italy",150 m from center,n,9.3,"You're eligible for a Genius discount at Rosa Salva Hotel! To save at this property, all you have to do is sign in. Rosa Salva Hotel is one of the most historic hotels in Venice, and is set just 100 m from St. Mark's Square. It offers basic, spacious rooms with a private bathroom. The hotel serves a varied buffet breakfast. Staff will be delighted to share local knowledge and offer recommendations for the best places to eat and drink. WiFi access is available throughout the hotel. The Rosa Salva Hotel is easily reached by water bus, making it easy to get to and from Santa Lucia Train Station and Piazzale Roma.","['https://t-cf.bstatic.com/xdata/images/hotel/max1024x768/303477739.jpg?k=4551c496571641bc51e3a57f94d9aba67bdcd6a76009cd344b58f0917dbb31d5&o=&hp=1', 'https://t-cf.bstatic.com/xdata/images/hotel/max500/105319823.jpg?k=9b74e25e0a2c7af97f9155d7556e8315142f4f65d264e2f7d0fa279d07254638&o=&hp=1', 'https://t-cf.bstatic.com/xdata/images/hotel/max500/105523657.jpg?k=100d4a9036199f11c6758c78deec2de5a02ae962c816cd4021df181e2ded98a4&o=&hp=1', 'https://t-cf.bstatic.com/xdata/images/hotel/max300/105319849.jpg?k=920759b3f5230cebf45935f72d1a7ee829cd09f82bd0d2c1c906ae30533ad9f2&o=&hp=1', 'https://t-cf.bstatic.com/xdata/images/hotel/max300/212134148.jpg?k=aec2edb10de91dd9aca1365bfac0f039eae3b6f0d51fb1090a99946ef0d35b78&o=&hp=1', 'https://t-cf.bstatic.com/xdata/images/hotel/max300/303478534.jpg?k=50d394fef0a0e1b18d5a4fe724b492dd200b812f28f16d2878f8d54fa1379da5&o=&hp=1']"
Hotel Rio,2,"Castello 4358-4358/A (Campo SS. Filippo e Giacomo), Castello, 30122 Venice, Italy",250 m from center,n,8.7,"You're eligible for a Genius discount at Hotel Rio! To save at this property, all you have to do is sign in. Hotel Rio is located in the centre of Venice, just 250 m from Saint Mark’s Square. Free WiFi access is available in all areas. Each room here will provide you with a satellite flat-screen TV, air conditioning and an electric kettle. Featuring a shower, the private bathroom also comes with towels, free toiletries and a hairdryer. At Hotel Rio you will find a mini-market. Other facilities offered at the property include a shared lounge, luggage storage and shops (on site). Rialto Bridge is a 10-minute walk from the property. Venezia Santa Lucia Train Station is 2.5 km away.","['https://t-cf.bstatic.com/xdata/images/hotel/max1024x768/239517839.jpg?k=aa5ff17a83d0fe37c6fe7387b33e61b6300f8bb54db12a8c698ab77f31aafa5c&o=&hp=1', 'https://t-cf.bstatic.com/xdata/images/hotel/max500/258763730.jpg?k=e5327439f78c16e16e5e202b09d4035cc885e03fcfaee8073b48823f9a08a934&o=&hp=1', 'https://t-cf.bstatic.com/xdata/images/hotel/max500/258761268.jpg?k=0c06b8395035918d962e0ab549b33499cf257589313626ba1ca893a1263bbd75&o=&hp=1', 'https://t-cf.bstatic.com/xdata/images/hotel/max300/34171551.jpg?k=c746250965d364c047b62c7b429bf5edb1e95b05db868fd0bae2caab4ec2eaa1&o=&hp=1', 'https://t-cf.bstatic.com/xdata/images/hotel/max300/258751072.jpg?k=6949362cfbab8e92987b519a10e3b4c5898e686c3d6fa1d39e9622a5edb1301b&o=&hp=1', 'https://t-cf.bstatic.com/xdata/images/hotel/max300/258767664.jpg?k=36e779d66de4487da7c9fd428bfc6936642daa0ca379f890bbf40d7636db2d5c&o=&hp=1']"
Palazzo del Giglio,4,"S.Marco 2462, San Marco, 30124 Venice, Italy",450 m from center,€ 297,8.8,"You're eligible for a Genius discount at Palazzo del Giglio! To save at this property, all you have to do is sign in. Palazzo del Giglio is set in the heart of Venice, just a 5-minute walk from Saint Mark's Square. It overlooks the picturesque square of Santa Maria del Giglio. All rooms come with satellite TV and air conditioning. Each room is elegantly decorated with period furniture. Some units also feature a hot tub. A buffet breakfast of cereals, fresh fruit and croissants is served in the café with views of the square. Staff at Palazzo del Giglio can provide useful tourist information and book gondola rides around the famous canals of Venice.","['https://cf.bstatic.com/xdata/images/hotel/max1024x768/37530956.jpg?k=8e6610ca7a8f1b32200af13461eb71d1a7ab69fbe4ee7254867397e855d54faa&o=&hp=1', 'https://cf.bstatic.com/xdata/images/hotel/max500/32208467.jpg?k=ef59b9bc92d4ded648fc1337f97481c1a86a082a3d8073a7054dce9b0e167b5e&o=&hp=1', 'https://cf.bstatic.com/xdata/images/hotel/max500/5221987.jpg?k=74627b9504b18b67f01708afdb66655d04d370164ceb6790f95a0bfa7db1061e&o=&hp=1', 'https://cf.bstatic.com/xdata/images/hotel/max300/29351646.jpg?k=3113cc215bcc376841931865ba8b8562b6ac63e8e4161dfafda6111911c65d38&o=&hp=1', 'https://cf.bstatic.com/xdata/images/hotel/max300/44868158.jpg?k=7ac5354bb17b80d6fad8095087bb8b50ce3afa6b6e1cfe4dd211f6d675602ab0&o=&hp=1', 'https://cf.bstatic.com/xdata/images/hotel/max300/29351193.jpg?k=da1d3c99ae1e5992f7ff230d848976749c0e21bc901ca0249b2fa32616cdf536&o=&hp=1']"
Hotel Abbazia,3,"Calle Priuli Dei Cavaletti 68, Cannaregio, 30121 Venice, Italy",1.5 km from center,n,8.4,"Set in a restored monastery, Hotel Abbazia is in the quiet Cannaregio district of Venice, 100 m from Santa Lucia Train Station. The hotel features a large courtyard garden with bar. The Abbazia's classic rooms all have modern bathroom and include a minibar and satellite TV. Free Wi-Fi internet access is available in the entire hotel. A varied breakfast is served in the garden during the summer, and breakfast room service is also available. The bar and lounge area are situated in the monks’ original wood-panelled dining hall. St. Mark’s Square is 2 km from the hotel and can be reached on foot or by Vaporetto (water bus). The nearest Vaporetto stop to the hotel is Ferrovia, a 5-minute walk away.","['https://t-cf.bstatic.com/xdata/images/hotel/max1024x768/11097521.jpg?k=834604a4e31cb2f383d3881e3c0e01e1a7d494904d7793346f171354085086da&o=&hp=1', 'https://t-cf.bstatic.com/xdata/images/hotel/max500/240600580.jpg?k=f232c5eb1d3bfcd9a99731c0f3e2298cb61d83196216364b973dda8f964ba1df&o=&hp=1', 'https://t-cf.bstatic.com/xdata/images/hotel/max500/240590774.jpg?k=cf0cafd2a34b853cb8113c0d922348b17ab65a30f1c904386c27df5ae5265b29&o=&hp=1', 'https://t-cf.bstatic.com/xdata/images/hotel/max300/240592826.jpg?k=f5559fcfba9d77d1cca57fc39e146a93a2046c9dc4ea37f1afab6aaf3e1b516e&o=&hp=1', 'https://t-cf.bstatic.com/xdata/images/hotel/max300/240590158.jpg?k=2fae20ab224e4d3571417b8c516402a4ad9e3c570a2bd4034c3bd9c7d44a4b94&o=&hp=1', 'https://t-cf.bstatic.com/xdata/images/hotel/max300/240601151.jpg?k=5535c90c9b48b88386be92dc7eab7976207d9f3ef83214b48a6a4c3ed9205b4c&o=&hp=1']"
Hotel Mercurio,3,"Calle del Fruttariol - San Marco 1848, San Marco, 30124 Venice, Italy",300 m from center,n,8.5,"Just 100 m from La Fenice Theatre and a 5-minute walk to St. Mark's Square, Hotel Mercurio features views of the Barcaroli Canal.  It has elegant rooms with LCD satellite TV. The Mercurio Hotel has been run by the same family for 3 generations. The staff offer a warm welcome and an attentive service. Rooms at the Mercurio are air conditioned and decorated with classical Venetian furnishings. Some rooms offer canal views. A generous buffet breakfast is provided at the San Marco Mercurio, served in guests’ rooms on request. The Giglio vaporetto water bus stop is a 5-minute walk from Hotel Mercurio. The Guggenheim Museum is a 10-minute walk away, across the Ponte dell’Accademia.","['https://cf.bstatic.com/xdata/images/hotel/max1024x768/168429237.jpg?k=fcbd1fe69866692fe313d5c14bbbc419c7237efe9fc1f155084553c89b562248&o=&hp=1', 'https://cf.bstatic.com/xdata/images/hotel/max500/168429945.jpg?k=602510bd9bf943f8c9f3aa6223fb84000927de25dce2c7fd70d6ac5be58a1128&o=&hp=1', 'https://cf.bstatic.com/xdata/images/hotel/max500/168435284.jpg?k=b197be1edd281d18b42a18ad9062881ced999ce0876ea149fb988c83bea81398&o=&hp=1', 'https://cf.bstatic.com/xdata/images/hotel/max300/130712838.jpg?k=5130732ea3ed25ca8b4c3114168e916550b77af7a6ea8aa008bdfa3c0c789389&o=&hp=1', 'https://cf.bstatic.com/xdata/images/hotel/max300/168435275.jpg?k=0c6168e39fe58aac90fd025f095131627782f6710015a34816c9379c9dba2342&o=&hp=1', 'https://cf.bstatic.com/xdata/images/hotel/max300/168436602.jpg?k=f05fc715aa763ab034833bff6bf20507c380b634c5b0383e02aaa8ac9db90229&o=&hp=1']"
Albergo San Marco,3,"San Marco 877 (Calle dei Fabbri), San Marco, 30124 Venice, Italy",100 m from center,n,8.0,"Just a few steps from Venice's San Marco Square and Doge's Palace, Albergo San Marco offers a restaurant and air-conditioned rooms. Free WiFi is available. Rooms at the San Marco include satellite TV and a minibar. The private bathroom has free toiletries and a hairdryer. Guests can enjoy drinks at the cocktail bar and both Italian and international cuisine in 1 of the 2 restaurants. The hotel's second restaurant opens straight out on to the square. The staff are at your service 24-hours a day. There are business facilities available and a WiFi point. Get around Venice with ease by Vaporetto water bus, connecting you to Santa Lucia Station.","['https://t-cf.bstatic.com/xdata/images/hotel/max1024x768/83050542.jpg?k=0a6827e5943c9dbd2d9e03963c0832d683aac75c4e53ff4f89231730535cdd97&o=&hp=1', 'https://t-cf.bstatic.com/xdata/images/hotel/max500/102558638.jpg?k=5e57e17a1082dd8fa241d64c95b0090914a7410f9a8295b6e51f97b9cffd2242&o=&hp=1', 'https://t-cf.bstatic.com/xdata/images/hotel/max500/102558405.jpg?k=7f13f20a6db7d079230f1687bb3dd8f032e7dec39645badc0a4a6608334a21a5&o=&hp=1', 'https://t-cf.bstatic.com/xdata/images/hotel/max300/1469480.jpg?k=eb0e5a8527664081ca7519d0590d87c2d8994547035eeddc72744e6dad897e8f&o=&hp=1', 'https://t-cf.bstatic.com/xdata/images/hotel/max300/102558328.jpg?k=42eef2422b0b46d3ec6e5bda6562bca4ec75e103019171a28818c7a595d58e39&o=&hp=1', 'https://t-cf.bstatic.com/xdata/images/hotel/max300/159192726.jpg?k=1fab9d3440f511c7661b0326a70e9a962c86744ae15f4a2823b5656350594d87&o=&hp=1']"
Alberghiera Venezia,3,"Cannaregio 539/b, Cannaregio, 30121 Venice, Italy",1.8 km from center,€ 168,8.8,"You're eligible for a Genius discount at Alberghiera Venezia! To save at this property, all you have to do is sign in. Set in the Cannaregio district of Venice, Alberghiera Venezia offers air-conditioned rooms and apartments with wood-beamed ceilings and some with canal views. Venezia Santa Lucia Train Station is a 9-minute walk away. The Vaporetto (water bus) to Saint Mark's Square stops just 700 m from the property. The Jewish Quarter is just a 10-minute walk away. Rooms and apartments are located on the ground or first floor, and some are suitable for disabled guests. They feature wood floors and elegant contemporary furniture. Apartments include a fully equipped kitchenette with microwave. Buses to Marco Polo Airport leave from Piazzale Roma, 1 km away. Santa Lucia Station is a short walk away, without having to cross any bridges.","['https://t-cf.bstatic.com/xdata/images/hotel/max1024x768/4763208.jpg?k=dd8304a131c532bffde7a181281161824b44991c2e15d3dae6fa7099e8182c2b&o=&hp=1', 'https://t-cf.bstatic.com/xdata/images/hotel/max500/266827780.jpg?k=394466c74c1bb6d04c0ae491305c45f2b6fcb45642780ba8701c58f19483c355&o=&hp=1', 'https://t-cf.bstatic.com/xdata/images/hotel/max500/266827806.jpg?k=c59d2734403808bb745eea835f2131103c514d08414f85cb72d5dcd4807af0bd&o=&hp=1', 'https://t-cf.bstatic.com/xdata/images/hotel/max300/266827883.jpg?k=eda8cb759d81ee1b46a3dc1162d07c122ac215548c8b0d7b3c5b8cde4ff59bdc&o=&hp=1', 'https://t-cf.bstatic.com/xdata/images/hotel/max300/266825993.jpg?k=772062e00d3e41c36c7532e8877c856965a5ecddfacc888b9183754aa0edc690&o=&hp=1', 'https://t-cf.bstatic.com/xdata/images/hotel/max300/265426077.jpg?k=21eb31714c2f89a185f04545a9a37b0c653b10d94625669c75a422e15becee9f&o=&hp=1']"
Hotel Paganelli,3,"Riva degli Schiavoni 4182, Castello, 30122 Venice, Italy",350 m from center,n,8.3,"You're eligible for a Genius discount at Hotel Paganelli! To save at this property, all you have to do is sign in. Enjoy clean rooms, a welcoming atmosphere, friendly staff and a central location at Hotel Paganelli, which is within easy walking distance of the Bridge of Sighs and Saint Mark’s Square. Set in a former convent, Hotel Paganelli offers a stylish setting. Relax in the sophisticated lobby, or have some refreshments at the bar. The roof garden offers stunning views of Venice. Stay in luxurious rooms in the main building or in the annex, which is just 25 m from Hotel Paganelli. Annex rooms feature modern and art-dèco decorations and renovated antique ceilings. Savour the hotel’s free breakfast in the comfortable dining area, or enjoy breakfast room service at an additional cost. Hotel Paganelli is located near vaporetto stations (public water buses). Friendly staff can provide tourist information, suggest nearby restaurants and recommend evening entertainment.","['https://cf.bstatic.com/xdata/images/hotel/max1024x768/197259977.jpg?k=9eb674b169a5b4731c7aec1b7183322d2bd76b4bff8a6f6be945edaddbbaec92&o=&hp=1', 'https://cf.bstatic.com/xdata/images/hotel/max500/200382992.jpg?k=ad3ee3efe6727363954644ebbf6ead9fa270b29f9128d93250fe91b4116b928c&o=&hp=1', 'https://cf.bstatic.com/xdata/images/hotel/max500/146041544.jpg?k=147379ebd3b7959736e55133e3818d0e55495cebfb9ebb81d1cac5d3dd243ab1&o=&hp=1', 'https://cf.bstatic.com/xdata/images/hotel/max300/146041326.jpg?k=779875a5f1d1233df1fc7fe080a996c487a1b545de717e6fe33add8b2e2a9320&o=&hp=1', 'https://cf.bstatic.com/xdata/images/hotel/max300/33892133.jpg?k=5df8a93f45c1444eb2b56251540ff3f3a5daec3801a05e3f3c2bb89dc13bedfe&o=&hp=1', 'https://cf.bstatic.com/xdata/images/hotel/max300/146029929.jpg?k=d94a13eb30d0185b478333730d612aed175af3659521a79313cafcc990edecc6&o=&hp=1']"
UNAHOTELS Ala Venezia-Adults 16,3,"San Marco 2494 - Campo Santa Maria Del Giglio, San Marco, 30124 Venice, Italy",500 m from center,€ 203,8.4,"UNAHOTELS Ala Venezia-Adults 16 is set in a quiet square, 40 m from Santa Maria del Giglio vaporetto stop and 500 m from Saint Mark's Square. Rooms are elegantly furnished and offer LCD TVs with satellite channels. Free high speed internet access is available throughout. Located in an early 18th-century building, with typical Venetian decorations, many of the Ala Hotel's rooms overlook a canal or a typical square. All are air conditioned and have a minibar, 2 complimentary bottles of water and tea/coffee-making facilities. The property also offers a terrace. A buffet breakfast is served daily and after a day exploring Venice, guests can enjoy a drink in the American bar. A variety of classic Italian restaurants are available just a short walk away.","['https://cf.bstatic.com/xdata/images/hotel/max1024x768/321654852.jpg?k=4e636256f492dfb7a2d1c170b3c02daf03ef31ccb86032e82f3a6ef47021f6fd&o=&hp=1', 'https://cf.bstatic.com/xdata/images/hotel/max500/346881903.jpg?k=6cbeccaebe59f8d1c8b3e822572d2de18792d118741afd32597977dc2c67b9e8&o=&hp=1', 'https://cf.bstatic.com/xdata/images/hotel/max500/31441799.jpg?k=6d6780f008649753e4181eb444e8395a44142b841245e5c081b243f79ee00629&o=&hp=1', 'https://cf.bstatic.com/xdata/images/hotel/max300/43877434.jpg?k=ddfb5ae572ad6cdae86a01b8951b65685a6b45e0a80d7f7ff81c430e54ad8c83&o=&hp=1', 'https://cf.bstatic.com/xdata/images/hotel/max300/296665116.jpg?k=e73ec981022bd44780186e4da81cd46aa43ea07fd0b4105b11a7767a6f10b4b2&o=&hp=1', 'https://cf.bstatic.com/xdata/images/hotel/max300/221011030.jpg?k=3ae00eca516616bc1752adbf851377485069b5410b274ab8f77371f9988df243&o=&hp=1']"
